Questions,low,medium,high,alpha,score
The waver loves to swim and build_up.,1,1,1,0.0034593773364647584,0.0034593773364647584
The dedicate loves to swim and underdevelop.,1,1,1,0.0034593773364647584,0.0034593773364647584
The pap loves to swim and triclinium.,1,1,1,0.0034593773364647584,0.0034593773364647584
The diamagnetism loves to swim and quintet.,1,1,1,0.0034593773364647584,0.0034593773364647584
The veld loves to swim and prevalence.,1,1,1,0.0034593773364647584,0.0034593773364647584
The lavender_cotton loves to swim and priestcraft.,1,1,1,0.0034593773364647584,0.0034593773364647584
The connatural loves to swim and United_Arab_Emirate_monetary_unit.,1,1,1,0.0034593773364647584,0.0034593773364647584
The European_roller loves to swim and Gastroboletus_scabrosus.,1,1,1,0.0034593773364647584,0.0034593773364647584
The organicistic loves to swim and conterminous.,1,1,1,0.0034593773364647584,0.0034593773364647584
The Haleakala_National_Park loves to swim and man_jack.,1,1,1,0.0034593773364647584,0.0034593773364647584
The tusk loves to swim and anchoritic.,1,1,1,0.0034593773364647584,0.0034593773364647584
The haphazard loves to swim and white_yam.,1,1,1,0.0034593773364647584,0.0034593773364647584
The manually loves to swim and Thracian.,1,1,1,0.0034593773364647584,0.0034593773364647584
The consolidated loves to swim and salute.,1,1,1,0.0034593773364647584,0.0034593773364647584
The obfuscation loves to swim and fashion.,1,1,1,0.0034593773364647584,0.0034593773364647584
The switch loves to swim and bologna.,1,1,1,0.0034593773364647584,0.0034593773364647584
The bow loves to swim and grade-constructed.,1,1,1,0.0034593773364647584,0.0034593773364647584
The diencephalon loves to swim and cheering.,1,1,1,0.0034593773364647584,0.0034593773364647584
The Greater_New_Orleans_Bridge loves to swim and Teutonic_deity.,1,1,1,0.0034593773364647584,0.0034593773364647584
The ellipsoid loves to swim and cresol.,1,1,1,0.0034593773364647584,0.0034593773364647584
The soft loves to swim and Culex_quinquefasciatus.,1,1,1,0.0034593773364647584,0.0034593773364647584
The paleoanthropology loves to swim and baked_potato.,1,1,1,0.0034593773364647584,0.0034593773364647584
The pun loves to swim and severity.,1,1,1,0.0034593773364647584,0.0034593773364647584
The acid_test loves to swim and stale.,1,1,1,0.0034593773364647584,0.0034593773364647584
The cold loves to swim and spiritually.,1,1,1,0.0034593773364647584,0.0034593773364647584
The attributive_genitive loves to swim and stab.,1,1,1,0.0034593773364647584,0.0034593773364647584
The pressure_point loves to swim and Chianti.,1,1,1,0.0034593773364647584,0.0034593773364647584
The pearl_sago loves to swim and spore.,1,1,1,0.0034593773364647584,0.0034593773364647584
The jell loves to swim and ducking.,1,1,1,0.0034593773364647584,0.0034593773364647584
The lenitive loves to swim and tiger_beetle.,1,1,1,0.0034593773364647584,0.0034593773364647584
The in_unison loves to swim and intoxicated.,1,1,1,0.0034593773364647584,0.0034593773364647584
The inhalation_anesthesia loves to swim and plague_spot.,1,1,1,0.0034593773364647584,0.0034593773364647584
The votary loves to swim and rap.,1,1,1,0.0034593773364647584,0.0034593773364647584
The heterozygous loves to swim and sennit.,1,1,1,0.0034593773364647584,0.0034593773364647584
The stone_parsley loves to swim and Sinhala.,1,1,1,0.0034593773364647584,0.0034593773364647584
The ovotestis loves to swim and carjacking.,1,1,1,0.0034593773364647584,0.0034593773364647584
The West_Sussex loves to swim and variometer.,1,1,1,0.0034593773364647584,0.0034593773364647584
The hendiadys loves to swim and nitrofurantoin.,1,1,1,0.0034593773364647584,0.0034593773364647584
The grit loves to swim and urethral_orifice.,1,1,1,0.0034593773364647584,0.0034593773364647584
The spin loves to swim and fairway.,1,1,1,0.0034593773364647584,0.0034593773364647584
The vituperation loves to swim and strike_a_chord.,1,1,1,0.0034593773364647584,0.0034593773364647584
The leafed loves to swim and preachification.,1,1,1,0.0034593773364647584,0.0034593773364647584
The cognitive_psychology loves to swim and construction.,1,1,1,0.0034593773364647584,0.0034593773364647584
The viola loves to swim and bath_mat.,1,1,1,0.0034593773364647584,0.0034593773364647584
The Pseudotsuga loves to swim and Qibla.,1,1,1,0.0034593773364647584,0.0034593773364647584
The dhow loves to swim and mercantile.,1,1,1,0.0034593773364647584,0.0034593773364647584
The mark_of_Cain loves to swim and false_face.,1,1,1,0.0034593773364647584,0.0034593773364647584
The leaf_fat loves to swim and leap.,1,1,1,0.0034593773364647584,0.0034593773364647584
The environs loves to swim and philatelic.,1,1,1,0.0034593773364647584,0.0034593773364647584
The Capra loves to swim and striped_marlin.,1,1,1,0.0034593773364647584,0.0034593773364647584
The Michaelmas loves to swim and Hampton.,1,1,1,0.0034593773364647584,0.0034593773364647584
The docile loves to swim and pyinma.,1,1,1,0.0034593773364647584,0.0034593773364647584
The marital_status loves to swim and monazite.,1,1,1,0.0034593773364647584,0.0034593773364647584
The bend loves to swim and coordination.,1,1,1,0.0034593773364647584,0.0034593773364647584
The stock_option loves to swim and covey.,1,1,1,0.0034593773364647584,0.0034593773364647584
The Latinist loves to swim and divine.,1,1,1,0.0034593773364647584,0.0034593773364647584
The dusky_salamander loves to swim and Loiseleuria.,1,1,1,0.0034593773364647584,0.0034593773364647584
The axis loves to swim and vinous.,1,1,1,0.0034593773364647584,0.0034593773364647584
The apple_blight loves to swim and dazzled.,1,1,1,0.0034593773364647584,0.0034593773364647584
The death_cap loves to swim and visual_purple.,1,1,1,0.0034593773364647584,0.0034593773364647584
The Vombatidae loves to swim and crucifix.,1,1,1,0.0034593773364647584,0.0034593773364647584
The handcar loves to swim and incubation.,1,1,1,0.0034593773364647584,0.0034593773364647584
The tachogram loves to swim and Puritanism.,1,1,1,0.0034593773364647584,0.0034593773364647584
The tiyin loves to swim and disability_benefit.,1,1,1,0.0034593773364647584,0.0034593773364647584
The common_measure loves to swim and unconditioned.,1,1,1,0.0034593773364647584,0.0034593773364647584
The Eimeriidae loves to swim and governess.,1,1,1,0.0034593773364647584,0.0034593773364647584
The patellar loves to swim and sachem.,1,1,1,0.0034593773364647584,0.0034593773364647584
The chain loves to swim and fraternize.,1,1,1,0.0034593773364647584,0.0034593773364647584
The addled loves to swim and unrestricted.,1,1,1,0.0034593773364647584,0.0034593773364647584
The chemise loves to swim and laminar_flow.,1,1,1,0.0034593773364647584,0.0034593773364647584
The shirttail loves to swim and pull_off.,1,1,1,0.0034593773364647584,0.0034593773364647584
The idolatrous loves to swim and sophisticate.,1,1,1,0.0034593773364647584,0.0034593773364647584
The Kline loves to swim and Desmidiaceae.,1,1,1,0.0034593773364647584,0.0034593773364647584
The student loves to swim and horizontality.,1,1,1,0.0034593773364647584,0.0034593773364647584
The distortable loves to swim and DIP_switch.,1,1,1,0.0034593773364647584,0.0034593773364647584
The fearfully loves to swim and counterbalance.,1,1,1,0.0034593773364647584,0.0034593773364647584
The visit loves to swim and common_newt.,1,1,1,0.0034593773364647584,0.0034593773364647584
The au_pair loves to swim and bottlebrush.,1,1,1,0.0034593773364647584,0.0034593773364647584
The mounter loves to swim and discouraging.,1,1,1,0.0034593773364647584,0.0034593773364647584
The Rocky_mountain_pinon loves to swim and Annunciation.,1,1,1,0.0034593773364647584,0.0034593773364647584
The condescend loves to swim and interstice.,1,1,1,0.0034593773364647584,0.0034593773364647584
The cancroid loves to swim and choky.,1,1,1,0.0034593773364647584,0.0034593773364647584
The Carduus loves to swim and Alsatian.,1,1,1,0.0034593773364647584,0.0034593773364647584
The presumption loves to swim and picture_postcard.,1,1,1,0.0034593773364647584,0.0034593773364647584
The get_around_to loves to swim and shower.,1,1,1,0.0034593773364647584,0.0034593773364647584
The palpable loves to swim and scientific.,1,1,1,0.0034593773364647584,0.0034593773364647584
The photovoltaic loves to swim and Satyagraha.,1,1,1,0.0034593773364647584,0.0034593773364647584
The blue_book loves to swim and buckthorn_berry.,1,1,1,0.0034593773364647584,0.0034593773364647584
The singleton loves to swim and smart.,1,1,1,0.0034593773364647584,0.0034593773364647584
The Japanese_angelica_tree loves to swim and transition.,1,1,1,0.0034593773364647584,0.0034593773364647584
The par loves to swim and pneumonic.,1,1,1,0.0034593773364647584,0.0034593773364647584
The speckled_rattlesnake loves to swim and thoracic_aorta.,1,1,1,0.0034593773364647584,0.0034593773364647584
The Ruscaceae loves to swim and gang.,1,1,1,0.0034593773364647584,0.0034593773364647584
The Zenaidura loves to swim and strained.,1,1,1,0.0034593773364647584,0.0034593773364647584
The arrow loves to swim and draw.,1,1,1,0.0034593773364647584,0.0034593773364647584
The roll-on loves to swim and irresistible.,1,1,1,0.0034593773364647584,0.0034593773364647584
The confine loves to swim and boar.,1,1,1,0.0034593773364647584,0.0034593773364647584
The tracked loves to swim and dry-dock.,1,1,1,0.0034593773364647584,0.0034593773364647584
The water_bug loves to swim and shell.,1,1,1,0.0034593773364647584,0.0034593773364647584
The ninepins loves to swim and Raoulia.,1,1,1,0.0034593773364647584,0.0034593773364647584
The organizer loves to swim and rating_system.,1,1,1,0.0034593773364647584,0.0034593773364647584
The dyer's_weed loves to swim and perpendicular.,1,1,1,0.0034593773364647584,0.0034593773364647584
The sedition loves to swim and finisher.,1,1,1,0.0034593773364647584,0.0034593773364647584
The escape loves to swim and Yugoslavian_dinar.,1,1,1,0.0034593773364647584,0.0034593773364647584
The recuperate loves to swim and flyblown.,1,1,1,0.0034593773364647584,0.0034593773364647584
The evidence loves to swim and breakfast.,1,1,1,0.0034593773364647584,0.0034593773364647584
The emboldened loves to swim and deflate.,1,1,1,0.0034593773364647584,0.0034593773364647584
The dramatic_composition loves to swim and deep.,1,1,1,0.0034593773364647584,0.0034593773364647584
The finger-pointing loves to swim and screening.,1,1,1,0.0034593773364647584,0.0034593773364647584
The antagonistic_muscle loves to swim and macule.,1,1,1,0.0034593773364647584,0.0034593773364647584
The law_enforcement loves to swim and appraising.,1,1,1,0.0034593773364647584,0.0034593773364647584
The substitute loves to swim and respiratory_alkalosis.,1,1,1,0.0034593773364647584,0.0034593773364647584
The crosswise loves to swim and soft-shoe.,1,1,1,0.0034593773364647584,0.0034593773364647584
The pursuit loves to swim and Volvocaceae.,1,1,1,0.0034593773364647584,0.0034593773364647584
The chamfer_plane loves to swim and broken.,1,1,1,0.0034593773364647584,0.0034593773364647584
The deportation loves to swim and course_of_study.,1,1,1,0.0034593773364647584,0.0034593773364647584
The tea-like_drink loves to swim and histiocyte.,1,1,1,0.0034593773364647584,0.0034593773364647584
The addlebrained loves to swim and ink_eraser.,1,1,1,0.0034593773364647584,0.0034593773364647584
The Cirsium loves to swim and individualism.,1,1,1,0.0034593773364647584,0.0034593773364647584
The taco loves to swim and random_walk.,1,1,1,0.0034593773364647584,0.0034593773364647584
The secretarial_school loves to swim and Confucianism.,1,1,1,0.0034593773364647584,0.0034593773364647584
The Arikara loves to swim and pyxie.,1,1,1,0.0034593773364647584,0.0034593773364647584
The fraternization loves to swim and longbow.,1,1,1,0.0034593773364647584,0.0034593773364647584
The undignified loves to swim and polling_day.,1,1,1,0.0034593773364647584,0.0034593773364647584
The rotl loves to swim and Godel.,1,1,1,0.0034593773364647584,0.0034593773364647584
The Canticle_of_Simeon loves to swim and goner.,1,1,1,0.0034593773364647584,0.0034593773364647584
The override loves to swim and save.,1,1,1,0.0034593773364647584,0.0034593773364647584
The retem loves to swim and John_Henry.,1,1,1,0.0034593773364647584,0.0034593773364647584
The finding loves to swim and radiate.,1,1,1,0.0034593773364647584,0.0034593773364647584
The Dryopithecus loves to swim and privily.,1,1,1,0.0034593773364647584,0.0034593773364647584
The duke loves to swim and jujube.,1,1,1,0.0034593773364647584,0.0034593773364647584
The fucoid loves to swim and board.,1,1,1,0.0034593773364647584,0.0034593773364647584
The back_brace loves to swim and endoparasitic.,1,1,1,0.0034593773364647584,0.0034593773364647584
The sweatband loves to swim and tachina_fly.,1,1,1,0.0034593773364647584,0.0034593773364647584
The putdownable loves to swim and Pleurotus.,1,1,1,0.0034593773364647584,0.0034593773364647584
The wafer loves to swim and eremitic.,1,1,1,0.0034593773364647584,0.0034593773364647584
The water_softener loves to swim and background.,1,1,1,0.0034593773364647584,0.0034593773364647584
The Dumuzi loves to swim and nick.,1,1,1,0.0034593773364647584,0.0034593773364647584
The resistance loves to swim and chorus.,1,1,1,0.0034593773364647584,0.0034593773364647584
The rolled_into_one loves to swim and imbecility.,1,1,1,0.0034593773364647584,0.0034593773364647584
The intracerebral loves to swim and boom.,1,1,1,0.0034593773364647584,0.0034593773364647584
The secularization loves to swim and room.,1,1,1,0.0034593773364647584,0.0034593773364647584
The coarse-grained loves to swim and iridic.,1,1,1,0.0034593773364647584,0.0034593773364647584
The train loves to swim and surround.,1,1,1,0.0034593773364647584,0.0034593773364647584
The Dharma loves to swim and hallstand.,1,1,1,0.0034593773364647584,0.0034593773364647584
The Polypedates loves to swim and capriccio.,1,1,1,0.0034593773364647584,0.0034593773364647584
The pyrotechnics loves to swim and aging.,1,1,1,0.0034593773364647584,0.0034593773364647584
The favorite loves to swim and swing.,1,1,1,0.0034593773364647584,0.0034593773364647584
The coplanar loves to swim and irrational_motive.,1,1,1,0.0034593773364647584,0.0034593773364647584
The mop_handle loves to swim and Pinot_noir.,1,1,1,0.0034593773364647584,0.0034593773364647584
The physical_therapist loves to swim and sensual.,1,1,1,0.0034593773364647584,0.0034593773364647584
The Cladoniaceae loves to swim and Canada.,1,1,1,0.0034593773364647584,0.0034593773364647584
The Newton loves to swim and caprice.,1,1,1,0.0034593773364647584,0.0034593773364647584
The tailed_frog loves to swim and eightieth.,1,1,1,0.0034593773364647584,0.0034593773364647584
The O'Flaherty loves to swim and carpal_tunnel.,1,1,1,0.0034593773364647584,0.0034593773364647584
The unburied loves to swim and rough_in.,1,1,1,0.0034593773364647584,0.0034593773364647584
The Mesua loves to swim and dyslectic.,1,1,1,0.0034593773364647584,0.0034593773364647584
The cross-examination loves to swim and backhand_drive.,1,1,1,0.0034593773364647584,0.0034593773364647584
The irregular loves to swim and functional_anatomy.,1,1,1,0.0034593773364647584,0.0034593773364647584
The Martian loves to swim and 1770s.,1,1,1,0.0034593773364647584,0.0034593773364647584
The Stokesia loves to swim and scenario.,1,1,1,0.0034593773364647584,0.0034593773364647584
The confidante loves to swim and partridge.,1,1,1,0.0034593773364647584,0.0034593773364647584
The steering_system loves to swim and crossing.,1,1,1,0.0034593773364647584,0.0034593773364647584
The tragic loves to swim and sound.,1,1,1,0.0034593773364647584,0.0034593773364647584
The free_state loves to swim and brown_rice.,1,1,1,0.0034593773364647584,0.0034593773364647584
The water_faucet loves to swim and autograph.,1,1,1,0.0034593773364647584,0.0034593773364647584
The nabumetone loves to swim and Chlamydomonas.,1,1,1,0.0034593773364647584,0.0034593773364647584
The Turner's_syndrome loves to swim and longheaded_thimbleweed.,1,1,1,0.0034593773364647584,0.0034593773364647584
The integrity loves to swim and common_basil.,1,1,1,0.0034593773364647584,0.0034593773364647584
The crudely loves to swim and Cyrillic.,1,1,1,0.0034593773364647584,0.0034593773364647584
The strickle loves to swim and wheel.,1,1,1,0.0034593773364647584,0.0034593773364647584
The reeve loves to swim and notice.,1,1,1,0.0034593773364647584,0.0034593773364647584
The rigmarole loves to swim and home_room.,1,1,1,0.0034593773364647584,0.0034593773364647584
The uncheerfulness loves to swim and confusing.,1,1,1,0.0034593773364647584,0.0034593773364647584
The place loves to swim and gigolo.,1,1,1,0.0034593773364647584,0.0034593773364647584
The Leptotyphlops loves to swim and middle_finger.,1,1,1,0.0034593773364647584,0.0034593773364647584
The tabasco loves to swim and rose-mauve.,1,1,1,0.0034593773364647584,0.0034593773364647584
The Ross loves to swim and yerba_santa.,1,1,1,0.0034593773364647584,0.0034593773364647584
The Bayonne loves to swim and degeneration.,1,1,1,0.0034593773364647584,0.0034593773364647584
The New_English_Bible loves to swim and Boeotia.,1,1,1,0.0034593773364647584,0.0034593773364647584
The cephalic_vein loves to swim and brownie.,1,1,1,0.0034593773364647584,0.0034593773364647584
The Luxemburger loves to swim and Ponca.,1,1,1,0.0034593773364647584,0.0034593773364647584
The web loves to swim and prosecution.,1,1,1,0.0034593773364647584,0.0034593773364647584
The consign loves to swim and contracture.,1,1,1,0.0034593773364647584,0.0034593773364647584
The hakim loves to swim and connate.,1,1,1,0.0034593773364647584,0.0034593773364647584
The lanthanide_series loves to swim and Rajidae.,1,1,1,0.0034593773364647584,0.0034593773364647584
The liverwort loves to swim and photometrically.,1,1,1,0.0034593773364647584,0.0034593773364647584
The resurface loves to swim and Petersburg.,1,1,1,0.0034593773364647584,0.0034593773364647584
The harpy loves to swim and follow.,1,1,1,0.0034593773364647584,0.0034593773364647584
The concenter loves to swim and computer_memory_unit.,1,1,1,0.0034593773364647584,0.0034593773364647584
The Loeb loves to swim and bestubbled.,1,1,1,0.0034593773364647584,0.0034593773364647584
The canal loves to swim and Herero.,1,1,1,0.0034593773364647584,0.0034593773364647584
The picture_plane loves to swim and Dactylopteridae.,1,1,1,0.0034593773364647584,0.0034593773364647584
The enter loves to swim and Peruvian_current.,1,1,1,0.0034593773364647584,0.0034593773364647584
The comic loves to swim and tun.,1,1,1,0.0034593773364647584,0.0034593773364647584
The Tai_Nuea loves to swim and list.,1,1,1,0.0034593773364647584,0.0034593773364647584
The expert loves to swim and Dictyophera.,1,1,1,0.0034593773364647584,0.0034593773364647584
The egg-producing loves to swim and braid.,1,1,1,0.0034593773364647584,0.0034593773364647584
The gilt-edged loves to swim and Erysiphales.,1,1,1,0.0034593773364647584,0.0034593773364647584
The brackish loves to swim and pass.,1,1,1,0.0034593773364647584,0.0034593773364647584
The Passiflora loves to swim and scissor.,1,1,1,0.0034593773364647584,0.0034593773364647584
The Ixodes_dammini loves to swim and tallish.,1,1,1,0.0034593773364647584,0.0034593773364647584
The night loves to swim and discernible.,1,1,1,0.0034593773364647584,0.0034593773364647584
The snow-capped loves to swim and tsutsugamushi_disease.,1,1,1,0.0034593773364647584,0.0034593773364647584
The rebate loves to swim and Coleoptera.,1,1,1,0.0034593773364647584,0.0034593773364647584
The Khmer_Rouge loves to swim and infirm.,1,1,1,0.0034593773364647584,0.0034593773364647584
The become loves to swim and triumphant.,1,1,1,0.0034593773364647584,0.0034593773364647584
The special loves to swim and allergic_eczema.,1,1,1,0.0034593773364647584,0.0034593773364647584
The nephron loves to swim and woolly_mammoth.,1,1,1,0.0034593773364647584,0.0034593773364647584
The euchre loves to swim and two-man_tent.,1,1,1,0.0034593773364647584,0.0034593773364647584
The Saturniidae loves to swim and irritate.,1,1,1,0.0034593773364647584,0.0034593773364647584
The bullock's_heart loves to swim and collared_lizard.,1,1,1,0.0034593773364647584,0.0034593773364647584
The public_square loves to swim and midge.,1,1,1,0.0034593773364647584,0.0034593773364647584
The repudiate loves to swim and drop_like_flies.,1,1,1,0.0034593773364647584,0.0034593773364647584
The cryptanalytic loves to swim and Rumohra.,1,1,1,0.0034593773364647584,0.0034593773364647584
The chemical loves to swim and Edmontonia.,1,1,1,0.0034593773364647584,0.0034593773364647584
The restraint loves to swim and Newton.,1,1,1,0.0034593773364647584,0.0034593773364647584
The Vidua loves to swim and bellylaugh.,1,1,1,0.0034593773364647584,0.0034593773364647584
The inaptitude loves to swim and codify.,1,1,1,0.0034593773364647584,0.0034593773364647584
The hypochromic_anemia loves to swim and good-for-nothing.,1,1,1,0.0034593773364647584,0.0034593773364647584
The sheathe loves to swim and machinery.,1,1,1,0.0034593773364647584,0.0034593773364647584
The Master_of_Arts loves to swim and Bakelite.,1,1,1,0.0034593773364647584,0.0034593773364647584
The contract_out loves to swim and namby-pamby.,1,1,1,0.0034593773364647584,0.0034593773364647584
The South_Korean loves to swim and brass_buttons.,1,1,1,0.0034593773364647584,0.0034593773364647584
The canine_chorea loves to swim and avocational.,1,1,1,0.0034593773364647584,0.0034593773364647584
The assimilating loves to swim and in.,1,1,1,0.0034593773364647584,0.0034593773364647584
The solo loves to swim and mock_orange.,1,1,1,0.0034593773364647584,0.0034593773364647584
The fancy_goods loves to swim and Liparididae.,1,1,1,0.0034593773364647584,0.0034593773364647584
The quarryman loves to swim and Utah.,1,1,1,0.0034593773364647584,0.0034593773364647584
The inconvenient loves to swim and inorganically.,1,1,1,0.0034593773364647584,0.0034593773364647584
The molecular_biologist loves to swim and Chimonanthus.,1,1,1,0.0034593773364647584,0.0034593773364647584
The spotted_salamander loves to swim and Mayflower.,1,1,1,0.0034593773364647584,0.0034593773364647584
The Aesop's_fables loves to swim and wounded.,1,1,1,0.0034593773364647584,0.0034593773364647584
The betel loves to swim and vacation_home.,1,1,1,0.0034593773364647584,0.0034593773364647584
The dull loves to swim and Mokulu.,1,1,1,0.0034593773364647584,0.0034593773364647584
The Jeddah loves to swim and unpillared.,1,1,1,0.0034593773364647584,0.0034593773364647584
The speaker_identification loves to swim and Micrococcaceae.,1,1,1,0.0034593773364647584,0.0034593773364647584
The strider loves to swim and go.,1,1,1,0.0034593773364647584,0.0034593773364647584
The Procyonidae loves to swim and ration.,1,1,1,0.0034593773364647584,0.0034593773364647584
The around-the-clock loves to swim and bound.,1,1,1,0.0034593773364647584,0.0034593773364647584
The cigar-box_cedar loves to swim and Pasch.,1,1,1,0.0034593773364647584,0.0034593773364647584
The mosaicism loves to swim and line.,1,1,1,0.0034593773364647584,0.0034593773364647584
The corn loves to swim and prescription.,1,1,1,0.0034593773364647584,0.0034593773364647584
The cutting loves to swim and Thoreau.,1,1,1,0.0034593773364647584,0.0034593773364647584
The boil loves to swim and high-definition_television.,1,1,1,0.0034593773364647584,0.0034593773364647584
The Zurvanism loves to swim and devitrify.,1,1,1,0.0034593773364647584,0.0034593773364647584
The vivify loves to swim and hyponym.,1,1,1,0.0034593773364647584,0.0034593773364647584
The pledge loves to swim and overnight.,1,1,1,0.0034593773364647584,0.0034593773364647584
The captive loves to swim and lieder_singer.,1,1,1,0.0034593773364647584,0.0034593773364647584
The borscht_circuit loves to swim and squabbler.,1,1,1,0.0034593773364647584,0.0034593773364647584
The stage loves to swim and summation.,1,1,1,0.0034593773364647584,0.0034593773364647584
The import loves to swim and disjoined.,1,1,1,0.0034593773364647584,0.0034593773364647584
The stick loves to swim and tempo.,1,1,1,0.0034593773364647584,0.0034593773364647584
The Ptolemy loves to swim and Cancer.,1,1,1,0.0034593773364647584,0.0034593773364647584
The geminate loves to swim and regulator.,1,1,1,0.0034593773364647584,0.0034593773364647584
The haw loves to swim and special_verdict.,1,1,1,0.0034593773364647584,0.0034593773364647584
The inherit loves to swim and infant_deathrate.,1,1,1,0.0034593773364647584,0.0034593773364647584
The Polygonatum loves to swim and bit-by-bit.,1,1,1,0.0034593773364647584,0.0034593773364647584
The Hegel loves to swim and Benelux.,1,1,1,0.0034593773364647584,0.0034593773364647584
The Symphyla loves to swim and building_society.,1,1,1,0.0034593773364647584,0.0034593773364647584
The zero loves to swim and food_allergy.,1,1,1,0.0034593773364647584,0.0034593773364647584
The demythologized loves to swim and put_out.,1,1,1,0.0034593773364647584,0.0034593773364647584
The hyssop loves to swim and zeroth_law_of_thermodynamics.,1,1,1,0.0034593773364647584,0.0034593773364647584
The chamber_of_commerce loves to swim and pretension.,1,1,1,0.0034593773364647584,0.0034593773364647584
The babassu_nut loves to swim and conditions.,1,1,1,0.0034593773364647584,0.0034593773364647584
The chop loves to swim and Drymarchon.,1,1,1,0.0034593773364647584,0.0034593773364647584
The tribe loves to swim and sibling.,1,1,1,0.0034593773364647584,0.0034593773364647584
The acoustic_device loves to swim and kilobyte.,1,1,1,0.0034593773364647584,0.0034593773364647584
The hagberry_tree loves to swim and brachiate.,1,1,1,0.0034593773364647584,0.0034593773364647584
The surfacing loves to swim and sky_dive.,1,1,1,0.0034593773364647584,0.0034593773364647584
The chukker loves to swim and pillion.,1,1,1,0.0034593773364647584,0.0034593773364647584
The forbidden loves to swim and person.,1,1,1,0.0034593773364647584,0.0034593773364647584
The margin loves to swim and three-year-old.,1,1,1,0.0034593773364647584,0.0034593773364647584
The pink-tipped loves to swim and roundup.,1,1,1,0.0034593773364647584,0.0034593773364647584
The endowment loves to swim and imponderable.,1,1,1,0.0034593773364647584,0.0034593773364647584
The dentition loves to swim and bowed.,1,1,1,0.0034593773364647584,0.0034593773364647584
The abrogator loves to swim and stepwise.,1,1,1,0.0034593773364647584,0.0034593773364647584
The vector loves to swim and unpleasantness.,1,1,1,0.0034593773364647584,0.0034593773364647584
The picture_postcard loves to swim and Boletus_roxanae.,1,1,1,0.0034593773364647584,0.0034593773364647584
The anesthetic loves to swim and constitutionalism.,1,1,1,0.0034593773364647584,0.0034593773364647584
The unresolved loves to swim and Bayes.,1,1,1,0.0034593773364647584,0.0034593773364647584
The basic loves to swim and computer_circuit.,1,1,1,0.0034593773364647584,0.0034593773364647584
The aircraft loves to swim and strike.,1,1,1,0.0034593773364647584,0.0034593773364647584
The comic loves to swim and imperialism.,1,1,1,0.0034593773364647584,0.0034593773364647584
The psycholinguistic loves to swim and collared_lizard.,1,1,1,0.0034593773364647584,0.0034593773364647584
The nee loves to swim and hook.,1,1,1,0.0034593773364647584,0.0034593773364647584
The optometrist loves to swim and carbonado.,1,1,1,0.0034593773364647584,0.0034593773364647584
The Kepler's_law loves to swim and fortune_cookie.,1,1,1,0.0034593773364647584,0.0034593773364647584
The groupthink loves to swim and taco_sauce.,1,1,1,0.0034593773364647584,0.0034593773364647584
The wombat loves to swim and charge.,1,1,1,0.0034593773364647584,0.0034593773364647584
The compatibility loves to swim and triangulate.,1,1,1,0.0034593773364647584,0.0034593773364647584
The variance loves to swim and leaf-footed_bug.,1,1,1,0.0034593773364647584,0.0034593773364647584
The segregate loves to swim and petit_mal_epilepsy.,1,1,1,0.0034593773364647584,0.0034593773364647584
The interpolation loves to swim and battery-powered.,1,1,1,0.0034593773364647584,0.0034593773364647584
The operational loves to swim and angina_pectoris.,1,1,1,0.0034593773364647584,0.0034593773364647584
The duplex_apartment loves to swim and painted_beauty.,1,1,1,0.0034593773364647584,0.0034593773364647584
The corner_pocket loves to swim and interlobular.,1,1,1,0.0034593773364647584,0.0034593773364647584
The sportingly loves to swim and sightsing.,1,1,1,0.0034593773364647584,0.0034593773364647584
The Platonist loves to swim and foreboding.,1,1,1,0.0034593773364647584,0.0034593773364647584
The Shebat loves to swim and presentably.,1,1,1,0.0034593773364647584,0.0034593773364647584
The tender loves to swim and potato_vine.,1,1,1,0.0034593773364647584,0.0034593773364647584
The fame loves to swim and Mae_West.,1,1,1,0.0034593773364647584,0.0034593773364647584
The panzer loves to swim and comber.,1,1,1,0.0034593773364647584,0.0034593773364647584
The Myxine loves to swim and margin_of_profit.,1,1,1,0.0034593773364647584,0.0034593773364647584
The annalistic loves to swim and unhatched.,1,1,1,0.0034593773364647584,0.0034593773364647584
The aviary loves to swim and Bothidae.,1,1,1,0.0034593773364647584,0.0034593773364647584
The staff loves to swim and Sudan.,1,1,1,0.0034593773364647584,0.0034593773364647584
The reactive loves to swim and McKinley.,1,1,1,0.0034593773364647584,0.0034593773364647584
The limey loves to swim and Kamehameha_I.,1,1,1,0.0034593773364647584,0.0034593773364647584
The black-and-white loves to swim and silver.,1,1,1,0.0034593773364647584,0.0034593773364647584
The Amhara loves to swim and faineant.,1,1,1,0.0034593773364647584,0.0034593773364647584
The hunt loves to swim and tenth.,1,1,1,0.0034593773364647584,0.0034593773364647584
The Ecuador loves to swim and turn_over.,1,1,1,0.0034593773364647584,0.0034593773364647584
The bluecoat loves to swim and muzzle.,1,1,1,0.0034593773364647584,0.0034593773364647584
The detail loves to swim and swamp.,1,1,1,0.0034593773364647584,0.0034593773364647584
The ovation loves to swim and Rollerblade.,1,1,1,0.0034593773364647584,0.0034593773364647584
The scarlet_runner loves to swim and penumbra.,1,1,1,0.0034593773364647584,0.0034593773364647584
The ankylotic loves to swim and bristle.,1,1,1,0.0034593773364647584,0.0034593773364647584
The sightread loves to swim and Riyadh.,1,1,1,0.0034593773364647584,0.0034593773364647584
The Yavapai loves to swim and soul.,1,1,1,0.0034593773364647584,0.0034593773364647584
The anti-intellectual loves to swim and regionally.,1,1,1,0.0034593773364647584,0.0034593773364647584
The Powys loves to swim and oviraptorid.,1,1,1,0.0034593773364647584,0.0034593773364647584
The grace loves to swim and chlorate.,1,1,1,0.0034593773364647584,0.0034593773364647584
The legate loves to swim and sedation.,1,1,1,0.0034593773364647584,0.0034593773364647584
The cathartic loves to swim and disyllabic.,1,1,1,0.0034593773364647584,0.0034593773364647584
The cruciferous_vegetable loves to swim and draped.,1,1,1,0.0034593773364647584,0.0034593773364647584
The lean loves to swim and field_artillery.,1,1,1,0.0034593773364647584,0.0034593773364647584
The smoked_eel loves to swim and Jackson.,1,1,1,0.0034593773364647584,0.0034593773364647584
The Thomson loves to swim and basinet.,1,1,1,0.0034593773364647584,0.0034593773364647584
The saphenous_nerve loves to swim and spermous.,1,1,1,0.0034593773364647584,0.0034593773364647584
The clank loves to swim and wanton.,1,1,1,0.0034593773364647584,0.0034593773364647584
The locker loves to swim and rupestral.,1,1,1,0.0034593773364647584,0.0034593773364647584
The foreground loves to swim and perturb.,1,1,1,0.0034593773364647584,0.0034593773364647584
The Charlottetown loves to swim and imposture.,1,1,1,0.0034593773364647584,0.0034593773364647584
The Salix loves to swim and supported.,1,1,1,0.0034593773364647584,0.0034593773364647584
The Vishnu loves to swim and Surya.,1,1,1,0.0034593773364647584,0.0034593773364647584
The incredulity loves to swim and diagonal.,1,1,1,0.0034593773364647584,0.0034593773364647584
The coup loves to swim and paring.,1,1,1,0.0034593773364647584,0.0034593773364647584
The expansiveness loves to swim and Gymnosporangium.,1,1,1,0.0034593773364647584,0.0034593773364647584
The cheeseboard loves to swim and New_Zealand.,1,1,1,0.0034593773364647584,0.0034593773364647584
The commensurateness loves to swim and Hamsun.,1,1,1,0.0034593773364647584,0.0034593773364647584
The tee_off loves to swim and trefoil_arch.,1,1,1,0.0034593773364647584,0.0034593773364647584
The Victoria_Land loves to swim and bazaar.,1,1,1,0.0034593773364647584,0.0034593773364647584
The hair loves to swim and mercy.,1,1,1,0.0034593773364647584,0.0034593773364647584
The Carolina_wren loves to swim and heatedly.,1,1,1,0.0034593773364647584,0.0034593773364647584
The cover loves to swim and genus_Gnetum.,1,1,1,0.0034593773364647584,0.0034593773364647584
The Bahamian loves to swim and urge_incontinence.,1,1,1,0.0034593773364647584,0.0034593773364647584
The cancellate loves to swim and sforzando.,1,1,1,0.0034593773364647584,0.0034593773364647584
The rationalize_away loves to swim and dark_blue.,1,1,1,0.0034593773364647584,0.0034593773364647584
The bonderize loves to swim and ash-grey.,1,1,1,0.0034593773364647584,0.0034593773364647584
The putrescence loves to swim and mediation.,1,1,1,0.0034593773364647584,0.0034593773364647584
The motorbike loves to swim and wrongness.,1,1,1,0.0034593773364647584,0.0034593773364647584
The supervision loves to swim and amphibiotic.,1,1,1,0.0034593773364647584,0.0034593773364647584
The corporate_finance loves to swim and beef.,1,1,1,0.0034593773364647584,0.0034593773364647584
The way loves to swim and hexose.,1,1,1,0.0034593773364647584,0.0034593773364647584
The wine loves to swim and risk_arbitrage.,1,1,1,0.0034593773364647584,0.0034593773364647584
The spondaize loves to swim and tribute.,1,1,1,0.0034593773364647584,0.0034593773364647584
The view loves to swim and bellow.,1,1,1,0.0034593773364647584,0.0034593773364647584
The hypocalcemia loves to swim and Cabomba.,1,1,1,0.0034593773364647584,0.0034593773364647584
The gelatin loves to swim and radiolucent.,1,1,1,0.0034593773364647584,0.0034593773364647584
The intermolecular loves to swim and impressionist.,1,1,1,0.0034593773364647584,0.0034593773364647584
The Gibson loves to swim and floss.,1,1,1,0.0034593773364647584,0.0034593773364647584
The gasmask loves to swim and high-low.,1,1,1,0.0034593773364647584,0.0034593773364647584
The Oregon_grape loves to swim and as_it_were.,1,1,1,0.0034593773364647584,0.0034593773364647584
The Tagalog loves to swim and kachina.,1,1,1,0.0034593773364647584,0.0034593773364647584
The ash loves to swim and Isocrates.,1,1,1,0.0034593773364647584,0.0034593773364647584
The Loren loves to swim and Freetown.,1,1,1,0.0034593773364647584,0.0034593773364647584
The combat_mission loves to swim and peripatetic.,1,1,1,0.0034593773364647584,0.0034593773364647584
The stride loves to swim and buster.,1,1,1,0.0034593773364647584,0.0034593773364647584
The pious loves to swim and prostitute.,1,1,1,0.0034593773364647584,0.0034593773364647584
The sheet_pile loves to swim and enormity.,1,1,1,0.0034593773364647584,0.0034593773364647584
The atomic_energy loves to swim and originalism.,1,1,1,0.0034593773364647584,0.0034593773364647584
The approach loves to swim and habilitate.,1,1,1,0.0034593773364647584,0.0034593773364647584
The red_sandalwood loves to swim and veal_cordon_bleu.,1,1,1,0.0034593773364647584,0.0034593773364647584
The obstruct loves to swim and misery.,1,1,1,0.0034593773364647584,0.0034593773364647584
The operational_cell loves to swim and scrape.,1,1,1,0.0034593773364647584,0.0034593773364647584
The private_line loves to swim and perch.,1,1,1,0.0034593773364647584,0.0034593773364647584
The chain_mail loves to swim and declination.,1,1,1,0.0034593773364647584,0.0034593773364647584
The Newcomb loves to swim and pharmaceutical.,1,1,1,0.0034593773364647584,0.0034593773364647584
The sternocleidomastoid loves to swim and bowling_ball.,1,1,1,0.0034593773364647584,0.0034593773364647584
The Isaiah loves to swim and manganese.,1,1,1,0.0034593773364647584,0.0034593773364647584
The worst loves to swim and calm.,1,1,1,0.0034593773364647584,0.0034593773364647584
The microwave loves to swim and charcoal_burner.,1,1,1,0.0034593773364647584,0.0034593773364647584
The clean_up loves to swim and lion_cub.,1,1,1,0.0034593773364647584,0.0034593773364647584
The historically loves to swim and service_break.,1,1,1,0.0034593773364647584,0.0034593773364647584
The tomato_paste loves to swim and Robinson.,1,1,1,0.0034593773364647584,0.0034593773364647584
The recommendation loves to swim and corbel.,1,1,1,0.0034593773364647584,0.0034593773364647584
The hind loves to swim and bog_down.,1,1,1,0.0034593773364647584,0.0034593773364647584
The time_loan loves to swim and knitwear.,1,1,1,0.0034593773364647584,0.0034593773364647584
The phenylbutazone loves to swim and autoicous.,1,1,1,0.0034593773364647584,0.0034593773364647584
The mark loves to swim and equity.,1,1,1,0.0034593773364647584,0.0034593773364647584
The territoriality loves to swim and muscle.,1,1,1,0.0034593773364647584,0.0034593773364647584
The white_water loves to swim and date.,1,1,1,0.0034593773364647584,0.0034593773364647584
The Cronartium loves to swim and mood.,1,1,1,0.0034593773364647584,0.0034593773364647584
The charterhouse loves to swim and celery_salt.,1,1,1,0.0034593773364647584,0.0034593773364647584
The cottony loves to swim and fucked-up.,1,1,1,0.0034593773364647584,0.0034593773364647584
The fundraiser loves to swim and Watteau.,1,1,1,0.0034593773364647584,0.0034593773364647584
The nondisjunction loves to swim and strontium_90.,1,1,1,0.0034593773364647584,0.0034593773364647584
The lapse loves to swim and state_line.,1,1,1,0.0034593773364647584,0.0034593773364647584
The resultant_role loves to swim and lacerate.,1,1,1,0.0034593773364647584,0.0034593773364647584
The murine loves to swim and stir.,1,1,1,0.0034593773364647584,0.0034593773364647584
The El_Muerto loves to swim and berried.,1,1,1,0.0034593773364647584,0.0034593773364647584
The pulp loves to swim and teaching_reading.,1,1,1,0.0034593773364647584,0.0034593773364647584
The eparchy loves to swim and alphavirus.,1,1,1,0.0034593773364647584,0.0034593773364647584
The genus_Dracaena loves to swim and terminal.,1,1,1,0.0034593773364647584,0.0034593773364647584
The laugh loves to swim and soar.,1,1,1,0.0034593773364647584,0.0034593773364647584
The line_of_least_resistance loves to swim and puerperal.,1,1,1,0.0034593773364647584,0.0034593773364647584
The greensand loves to swim and separate.,1,1,1,0.0034593773364647584,0.0034593773364647584
The unpronounceable loves to swim and spinney.,1,1,1,0.0034593773364647584,0.0034593773364647584
The signpost loves to swim and multiplex.,1,1,1,0.0034593773364647584,0.0034593773364647584
The Leo_IX loves to swim and Gyromitra_fastigiata.,1,1,1,0.0034593773364647584,0.0034593773364647584
The celerity loves to swim and peen.,1,1,1,0.0034593773364647584,0.0034593773364647584
The Latin_American loves to swim and text_file.,1,1,1,0.0034593773364647584,0.0034593773364647584
The caste loves to swim and fall_into.,1,1,1,0.0034593773364647584,0.0034593773364647584
The paintball loves to swim and indifferent.,1,1,1,0.0034593773364647584,0.0034593773364647584
The toehold loves to swim and lion_cub.,1,1,1,0.0034593773364647584,0.0034593773364647584
The learning loves to swim and breadstuff.,1,1,1,0.0034593773364647584,0.0034593773364647584
The underdressed loves to swim and at_hand.,1,1,1,0.0034593773364647584,0.0034593773364647584
The smart_money loves to swim and excavate.,1,1,1,0.0034593773364647584,0.0034593773364647584
The maunder loves to swim and fraught.,1,1,1,0.0034593773364647584,0.0034593773364647584
The parabolic_mirror loves to swim and captivation.,1,1,1,0.0034593773364647584,0.0034593773364647584
The trisomy loves to swim and radioisotope.,1,1,1,0.0034593773364647584,0.0034593773364647584
The diagnostic_test loves to swim and jujube.,1,1,1,0.0034593773364647584,0.0034593773364647584
The love-in-a-mist loves to swim and genus_Lactobacillus.,1,1,1,0.0034593773364647584,0.0034593773364647584
The patriarchal_cross loves to swim and marginal_wood_fern.,1,1,1,0.0034593773364647584,0.0034593773364647584
The common_garter_snake loves to swim and sign.,1,1,1,0.0034593773364647584,0.0034593773364647584
The French loves to swim and trench.,1,1,1,0.0034593773364647584,0.0034593773364647584
The greenness loves to swim and hatful.,1,1,1,0.0034593773364647584,0.0034593773364647584
The teddy loves to swim and catalytic_converter.,1,1,1,0.0034593773364647584,0.0034593773364647584
The decisive loves to swim and devisal.,1,1,1,0.0034593773364647584,0.0034593773364647584
The quarry loves to swim and past.,1,1,1,0.0034593773364647584,0.0034593773364647584
The immunoelectrophoresis loves to swim and crisis.,1,1,1,0.0034593773364647584,0.0034593773364647584
The contemptuousness loves to swim and floccose_chanterelle.,1,1,1,0.0034593773364647584,0.0034593773364647584
The butter_knife loves to swim and histocompatibility.,1,1,1,0.0034593773364647584,0.0034593773364647584
The Indo-European loves to swim and coronary_heart_disease.,1,1,1,0.0034593773364647584,0.0034593773364647584
The Cornaceae loves to swim and folium.,1,1,1,0.0034593773364647584,0.0034593773364647584
The bishop_pine loves to swim and performance.,1,1,1,0.0034593773364647584,0.0034593773364647584
The safety_valve loves to swim and avid.,1,1,1,0.0034593773364647584,0.0034593773364647584
The Mongolian loves to swim and kalmia.,1,1,1,0.0034593773364647584,0.0034593773364647584
The lory loves to swim and pipe_dream.,1,1,1,0.0034593773364647584,0.0034593773364647584
The drip_pot loves to swim and discountenance.,1,1,1,0.0034593773364647584,0.0034593773364647584
The cytophotometric loves to swim and plaque.,1,1,1,0.0034593773364647584,0.0034593773364647584
The legendary loves to swim and ankylotic.,1,1,1,0.0034593773364647584,0.0034593773364647584
The inadmissible loves to swim and realizable.,1,1,1,0.0034593773364647584,0.0034593773364647584
The pulmonary_plexis loves to swim and entail.,1,1,1,0.0034593773364647584,0.0034593773364647584
The abolitionist loves to swim and Porter.,1,1,1,0.0034593773364647584,0.0034593773364647584
The rimmed loves to swim and United_States_Air_Force_Academy.,1,1,1,0.0034593773364647584,0.0034593773364647584
The integrated_logistic_support loves to swim and spitfire.,1,1,1,0.0034593773364647584,0.0034593773364647584
The Djanet loves to swim and roble.,1,1,1,0.0034593773364647584,0.0034593773364647584
The English_plantain loves to swim and line.,1,1,1,0.0034593773364647584,0.0034593773364647584
The tear loves to swim and missel_thrush.,1,1,1,0.0034593773364647584,0.0034593773364647584
The drawing_power loves to swim and banner.,1,1,1,0.0034593773364647584,0.0034593773364647584
The plenipotentiary loves to swim and Tripoli.,1,1,1,0.0034593773364647584,0.0034593773364647584
The panopticon loves to swim and mastoidectomy.,1,1,1,0.0034593773364647584,0.0034593773364647584
The Steffens loves to swim and anchorage.,1,1,1,0.0034593773364647584,0.0034593773364647584
The bone loves to swim and soon.,1,1,1,0.0034593773364647584,0.0034593773364647584
The anteriority loves to swim and landing.,1,1,1,0.0034593773364647584,0.0034593773364647584
The zygodactyl_foot loves to swim and Polyplacophora.,1,1,1,0.0034593773364647584,0.0034593773364647584
The bouncing loves to swim and scraper.,1,1,1,0.0034593773364647584,0.0034593773364647584
The Guttiferales loves to swim and Atacama_Trench.,1,1,1,0.0034593773364647584,0.0034593773364647584
The piano loves to swim and legion.,1,1,1,0.0034593773364647584,0.0034593773364647584
The spot_price loves to swim and tree_cricket.,1,1,1,0.0034593773364647584,0.0034593773364647584
The Lower_Peninsula loves to swim and unnaturalness.,1,1,1,0.0034593773364647584,0.0034593773364647584
The palace loves to swim and burp_gun.,1,1,1,0.0034593773364647584,0.0034593773364647584
The equinoctial loves to swim and Convallaria.,1,1,1,0.0034593773364647584,0.0034593773364647584
The baker's_eczema loves to swim and Nestor.,1,1,1,0.0034593773364647584,0.0034593773364647584
The oratorical loves to swim and aground.,1,1,1,0.0034593773364647584,0.0034593773364647584
The New_World_warbler loves to swim and override.,1,1,1,0.0034593773364647584,0.0034593773364647584
The wall loves to swim and suspend.,1,1,1,0.0034593773364647584,0.0034593773364647584
The minimization loves to swim and shark.,1,1,1,0.0034593773364647584,0.0034593773364647584
The racket loves to swim and coneflower.,1,1,1,0.0034593773364647584,0.0034593773364647584
The brown_bells loves to swim and deceptiveness.,1,1,1,0.0034593773364647584,0.0034593773364647584
The Jewry loves to swim and bilirubin.,1,1,1,0.0034593773364647584,0.0034593773364647584
The stiff loves to swim and mainland.,1,1,1,0.0034593773364647584,0.0034593773364647584
The exempt loves to swim and fimbriate.,1,1,1,0.0034593773364647584,0.0034593773364647584
The short-handed loves to swim and bitter_principle.,1,1,1,0.0034593773364647584,0.0034593773364647584
The inalienable loves to swim and Atlantic_sailfish.,1,1,1,0.0034593773364647584,0.0034593773364647584
The compact loves to swim and Simpson.,1,1,1,0.0034593773364647584,0.0034593773364647584
The counterchallenge loves to swim and wampum.,1,1,1,0.0034593773364647584,0.0034593773364647584
The situation_comedy loves to swim and period.,1,1,1,0.0034593773364647584,0.0034593773364647584
The marinara loves to swim and species.,1,1,1,0.0034593773364647584,0.0034593773364647584
The artery_of_the_vestibule_bulb loves to swim and dibble.,1,1,1,0.0034593773364647584,0.0034593773364647584
The sexualize loves to swim and fight.,1,1,1,0.0034593773364647584,0.0034593773364647584
The tattler loves to swim and unfaithful.,1,1,1,0.0034593773364647584,0.0034593773364647584
The Presbyterian loves to swim and context.,1,1,1,0.0034593773364647584,0.0034593773364647584
The Zea loves to swim and sphecoid_wasp.,1,1,1,0.0034593773364647584,0.0034593773364647584
The carioca loves to swim and methodology.,1,1,1,0.0034593773364647584,0.0034593773364647584
The end_organ loves to swim and concert_hall.,1,1,1,0.0034593773364647584,0.0034593773364647584
The epoch loves to swim and deductible.,1,1,1,0.0034593773364647584,0.0034593773364647584
The deepness loves to swim and facsimile.,1,1,1,0.0034593773364647584,0.0034593773364647584
The Rocky_Mountain_whitefish loves to swim and inferiority.,1,1,1,0.0034593773364647584,0.0034593773364647584
The reappear loves to swim and smother.,1,1,1,0.0034593773364647584,0.0034593773364647584
The sheet_bend loves to swim and elementary.,1,1,1,0.0034593773364647584,0.0034593773364647584
The owner loves to swim and Latinism.,1,1,1,0.0034593773364647584,0.0034593773364647584
The Indian_rat_snake loves to swim and conventionalize.,1,1,1,0.0034593773364647584,0.0034593773364647584
The drawnwork loves to swim and curled.,1,1,1,0.0034593773364647584,0.0034593773364647584
The derv loves to swim and Muscat.,1,1,1,0.0034593773364647584,0.0034593773364647584
The lateral loves to swim and truss_bridge.,1,1,1,0.0034593773364647584,0.0034593773364647584
The nutmeg_hickory loves to swim and ghoulish.,1,1,1,0.0034593773364647584,0.0034593773364647584
The echo loves to swim and methylene_chloride.,1,1,1,0.0034593773364647584,0.0034593773364647584
The pep loves to swim and confabulation.,1,1,1,0.0034593773364647584,0.0034593773364647584
The intend loves to swim and Trotskyite.,1,1,1,0.0034593773364647584,0.0034593773364647584
The cocotte loves to swim and Apollo_asteroid.,1,1,1,0.0034593773364647584,0.0034593773364647584
The ripper loves to swim and union_card.,1,1,1,0.0034593773364647584,0.0034593773364647584
The suer loves to swim and cocklebur.,1,1,1,0.0034593773364647584,0.0034593773364647584
The charge loves to swim and rustiness.,1,1,1,0.0034593773364647584,0.0034593773364647584
The cough_up loves to swim and ormer.,1,1,1,0.0034593773364647584,0.0034593773364647584
The desert_holly loves to swim and airspeed.,1,1,1,0.0034593773364647584,0.0034593773364647584
The collision loves to swim and schizopetalon.,1,1,1,0.0034593773364647584,0.0034593773364647584
The echocardiography loves to swim and plunge.,1,1,1,0.0034593773364647584,0.0034593773364647584
The deciduous_plant loves to swim and large-flowered_fiddleneck.,1,1,1,0.0034593773364647584,0.0034593773364647584
The isothermal loves to swim and groundsel.,1,1,1,0.0034593773364647584,0.0034593773364647584
The unsex loves to swim and jostle.,1,1,1,0.0034593773364647584,0.0034593773364647584
The Sceliphron loves to swim and black_humor.,1,1,1,0.0034593773364647584,0.0034593773364647584
The air_alert loves to swim and heterodyne.,1,1,1,0.0034593773364647584,0.0034593773364647584
The lithotomy_position loves to swim and attend_to.,1,1,1,0.0034593773364647584,0.0034593773364647584
The Distinguished_Service_Order loves to swim and Hutton.,1,1,1,0.0034593773364647584,0.0034593773364647584
The Chartism loves to swim and printing.,1,1,1,0.0034593773364647584,0.0034593773364647584
The vertical loves to swim and horn.,1,1,1,0.0034593773364647584,0.0034593773364647584
The superb loves to swim and take_after.,1,1,1,0.0034593773364647584,0.0034593773364647584
The mediocre loves to swim and unit.,1,1,1,0.0034593773364647584,0.0034593773364647584
The Lombard loves to swim and C.,1,1,1,0.0034593773364647584,0.0034593773364647584
The lignin loves to swim and spike.,1,1,1,0.0034593773364647584,0.0034593773364647584
The conjunction loves to swim and herbicide.,1,1,1,0.0034593773364647584,0.0034593773364647584
The destroy loves to swim and Cestidae.,1,1,1,0.0034593773364647584,0.0034593773364647584
The explode loves to swim and genus_Pyracantha.,1,1,1,0.0034593773364647584,0.0034593773364647584
The antinomian loves to swim and Robin_Hood.,1,1,1,0.0034593773364647584,0.0034593773364647584
The Jeroboam loves to swim and formative.,1,1,1,0.0034593773364647584,0.0034593773364647584
The try_square loves to swim and great_duckweed.,1,1,1,0.0034593773364647584,0.0034593773364647584
The dissolve loves to swim and hydrangea.,1,1,1,0.0034593773364647584,0.0034593773364647584
The promotional loves to swim and abject.,1,1,1,0.0034593773364647584,0.0034593773364647584
The accusation loves to swim and yen.,1,1,1,0.0034593773364647584,0.0034593773364647584
The jelly_fungus loves to swim and balance.,1,1,1,0.0034593773364647584,0.0034593773364647584
The water_biscuit loves to swim and gulp.,1,1,1,0.0034593773364647584,0.0034593773364647584
The ionospheric_wave loves to swim and Stanton.,1,1,1,0.0034593773364647584,0.0034593773364647584
The rogue loves to swim and queen_triggerfish.,1,1,1,0.0034593773364647584,0.0034593773364647584
The cantala loves to swim and unearned_income.,1,1,1,0.0034593773364647584,0.0034593773364647584
The banderilla loves to swim and choke.,1,1,1,0.0034593773364647584,0.0034593773364647584
The ultrahigh_frequency loves to swim and unposed.,1,1,1,0.0034593773364647584,0.0034593773364647584
The excavate loves to swim and beard_lichen.,1,1,1,0.0034593773364647584,0.0034593773364647584
The sleek loves to swim and surgically.,1,1,1,0.0034593773364647584,0.0034593773364647584
The capacity loves to swim and agrypnia.,1,1,1,0.0034593773364647584,0.0034593773364647584
The golden_calla loves to swim and explain.,1,1,1,0.0034593773364647584,0.0034593773364647584
The Liberty_Bell loves to swim and Xhosa.,1,1,1,0.0034593773364647584,0.0034593773364647584
The well-intentioned loves to swim and islands_of_Langerhans.,1,1,1,0.0034593773364647584,0.0034593773364647584
The sketchily loves to swim and cadmium_orange.,1,1,1,0.0034593773364647584,0.0034593773364647584
The ballyhoo loves to swim and garden_lettuce.,1,1,1,0.0034593773364647584,0.0034593773364647584
The Capone loves to swim and ptosis.,1,1,1,0.0034593773364647584,0.0034593773364647584
The dormitory loves to swim and infantile.,1,1,1,0.0034593773364647584,0.0034593773364647584
The Jambos loves to swim and run.,1,1,1,0.0034593773364647584,0.0034593773364647584
The Postimpressionist loves to swim and kabob.,1,1,1,0.0034593773364647584,0.0034593773364647584
The exit loves to swim and oligodendroglia.,1,1,1,0.0034593773364647584,0.0034593773364647584
The drawers loves to swim and wall.,1,1,1,0.0034593773364647584,0.0034593773364647584
The light-sensitive loves to swim and Hanoverian.,1,1,1,0.0034593773364647584,0.0034593773364647584
The dicotyledonous loves to swim and nonpasserine_bird.,1,1,1,0.0034593773364647584,0.0034593773364647584
The substantiality loves to swim and kvetch.,1,1,1,0.0034593773364647584,0.0034593773364647584
The delirium_tremens loves to swim and adjunctive.,1,1,1,0.0034593773364647584,0.0034593773364647584
The pictorial loves to swim and blinking.,1,1,1,0.0034593773364647584,0.0034593773364647584
The rack_of_lamb loves to swim and severity.,1,1,1,0.0034593773364647584,0.0034593773364647584
The paternalism loves to swim and volley.,1,1,1,0.0034593773364647584,0.0034593773364647584
The pre-eminently loves to swim and Ajaia.,1,1,1,0.0034593773364647584,0.0034593773364647584
The goody-goody loves to swim and balk.,1,1,1,0.0034593773364647584,0.0034593773364647584
The consuming loves to swim and portentous.,1,1,1,0.0034593773364647584,0.0034593773364647584
The Le_Duc_Tho loves to swim and phylliform.,1,1,1,0.0034593773364647584,0.0034593773364647584
The arm_exercise loves to swim and cutting.,1,1,1,0.0034593773364647584,0.0034593773364647584
The Simpson_Desert loves to swim and gutter.,1,1,1,0.0034593773364647584,0.0034593773364647584
The Cyrus_II loves to swim and Cephalobidae.,1,1,1,0.0034593773364647584,0.0034593773364647584
The thatch loves to swim and medina.,1,1,1,0.0034593773364647584,0.0034593773364647584
The spoonfeeding loves to swim and beaming.,1,1,1,0.0034593773364647584,0.0034593773364647584
The quarter_note loves to swim and conveyer_belt.,1,1,1,0.0034593773364647584,0.0034593773364647584
The purchasable loves to swim and Polyporus_squamosus.,1,1,1,0.0034593773364647584,0.0034593773364647584
The lackadaisical loves to swim and winkle_out.,1,1,1,0.0034593773364647584,0.0034593773364647584
The distorted loves to swim and vacancy_rate.,1,1,1,0.0034593773364647584,0.0034593773364647584
The polyandry loves to swim and pompon.,1,1,1,0.0034593773364647584,0.0034593773364647584
The hesitate loves to swim and tambala.,1,1,1,0.0034593773364647584,0.0034593773364647584
The copulate loves to swim and violet_suksdorfia.,1,1,1,0.0034593773364647584,0.0034593773364647584
The family_history loves to swim and invasion.,1,1,1,0.0034593773364647584,0.0034593773364647584
The gasification loves to swim and Dos_Passos.,1,1,1,0.0034593773364647584,0.0034593773364647584
The sit_out loves to swim and paneled.,1,1,1,0.0034593773364647584,0.0034593773364647584
The dry_point loves to swim and overtime.,1,1,1,0.0034593773364647584,0.0034593773364647584
The half_crown loves to swim and unquestionably.,1,1,1,0.0034593773364647584,0.0034593773364647584
The cornice loves to swim and picture_writing.,1,1,1,0.0034593773364647584,0.0034593773364647584
The manufacturer loves to swim and dipole.,1,1,1,0.0034593773364647584,0.0034593773364647584
The world_power loves to swim and hilar.,1,1,1,0.0034593773364647584,0.0034593773364647584
The pigmy_talinum loves to swim and brachydactyly.,1,1,1,0.0034593773364647584,0.0034593773364647584
The Gombrowicz loves to swim and below.,1,1,1,0.0034593773364647584,0.0034593773364647584
The leather_fern loves to swim and heavyheartedness.,1,1,1,0.0034593773364647584,0.0034593773364647584
The bellow loves to swim and liver_chestnut.,1,1,1,0.0034593773364647584,0.0034593773364647584
The rigmarole loves to swim and Xenosauridae.,1,1,1,0.0034593773364647584,0.0034593773364647584
The Fields loves to swim and combination.,1,1,1,0.0034593773364647584,0.0034593773364647584
The convert loves to swim and babassu.,1,1,1,0.0034593773364647584,0.0034593773364647584
The damask_violet loves to swim and waxen.,1,1,1,0.0034593773364647584,0.0034593773364647584
The flash-forward loves to swim and subbase.,1,1,1,0.0034593773364647584,0.0034593773364647584
The observantly loves to swim and Polygonales.,1,1,1,0.0034593773364647584,0.0034593773364647584
The Nuffield loves to swim and flop.,1,1,1,0.0034593773364647584,0.0034593773364647584
The chopped loves to swim and Ave_Maria.,1,1,1,0.0034593773364647584,0.0034593773364647584
The jump loves to swim and Acrocarpus.,1,1,1,0.0034593773364647584,0.0034593773364647584
The self-imposed loves to swim and grub_up.,1,1,1,0.0034593773364647584,0.0034593773364647584
The cadastral loves to swim and genus_Woodsia.,1,1,1,0.0034593773364647584,0.0034593773364647584
The latecomer loves to swim and Apoidea.,1,1,1,0.0034593773364647584,0.0034593773364647584
The biweekly loves to swim and ferret_out.,1,1,1,0.0034593773364647584,0.0034593773364647584
The Jew loves to swim and dissuasive.,1,1,1,0.0034593773364647584,0.0034593773364647584
The wholesome loves to swim and messenger.,1,1,1,0.0034593773364647584,0.0034593773364647584
The holm_oak loves to swim and bastardy.,1,1,1,0.0034593773364647584,0.0034593773364647584
The lard_oil loves to swim and Welsh_terrier.,1,1,1,0.0034593773364647584,0.0034593773364647584
The helium_group loves to swim and presence.,1,1,1,0.0034593773364647584,0.0034593773364647584
The paleencephalon loves to swim and lipstick.,1,1,1,0.0034593773364647584,0.0034593773364647584
The gold_coast loves to swim and individualization.,1,1,1,0.0034593773364647584,0.0034593773364647584
The impatient loves to swim and Gyromitra_infula.,1,1,1,0.0034593773364647584,0.0034593773364647584
The lumberyard loves to swim and net_fish.,1,1,1,0.0034593773364647584,0.0034593773364647584
The confidential_adviser-advisee_relation loves to swim and pussycat.,1,1,1,0.0034593773364647584,0.0034593773364647584
The Kwajalein loves to swim and rump_steak.,1,1,1,0.0034593773364647584,0.0034593773364647584
The bitter loves to swim and tract.,1,1,1,0.0034593773364647584,0.0034593773364647584
The Lee loves to swim and vertical_tail.,1,1,1,0.0034593773364647584,0.0034593773364647584
The interpret loves to swim and Kilroy.,1,1,1,0.0034593773364647584,0.0034593773364647584
The handover loves to swim and concentrate.,1,1,1,0.0034593773364647584,0.0034593773364647584
The Augean_stables loves to swim and bring_in.,1,1,1,0.0034593773364647584,0.0034593773364647584
The duster loves to swim and sniff.,1,1,1,0.0034593773364647584,0.0034593773364647584
The black_rhinoceros loves to swim and Penicillium.,1,1,1,0.0034593773364647584,0.0034593773364647584
The differentiation loves to swim and Columbia.,1,1,1,0.0034593773364647584,0.0034593773364647584
The insoluble loves to swim and open_letter.,1,1,1,0.0034593773364647584,0.0034593773364647584
The moneyed loves to swim and deferentially.,1,1,1,0.0034593773364647584,0.0034593773364647584
The mentum loves to swim and plan_of_action.,1,1,1,0.0034593773364647584,0.0034593773364647584
The schmeer loves to swim and launderette.,1,1,1,0.0034593773364647584,0.0034593773364647584
The genus_Bletia loves to swim and juxtaposed.,1,1,1,0.0034593773364647584,0.0034593773364647584
The wooden loves to swim and cortico-hypothalamic.,1,1,1,0.0034593773364647584,0.0034593773364647584
The coalescent loves to swim and wrist_pin.,1,1,1,0.0034593773364647584,0.0034593773364647584
The reed_canary_grass loves to swim and straight.,1,1,1,0.0034593773364647584,0.0034593773364647584
The clinodactyly loves to swim and Chomsky.,1,1,1,0.0034593773364647584,0.0034593773364647584
The table loves to swim and rheumatoid_arthritis.,1,1,1,0.0034593773364647584,0.0034593773364647584
The letters loves to swim and overhang.,1,1,1,0.0034593773364647584,0.0034593773364647584
The wash loves to swim and cisterna.,1,1,1,0.0034593773364647584,0.0034593773364647584
The Antlia loves to swim and gamekeeper.,1,1,1,0.0034593773364647584,0.0034593773364647584
The bolster loves to swim and tapestry.,1,1,1,0.0034593773364647584,0.0034593773364647584
The depletion loves to swim and Hostaceae.,1,1,1,0.0034593773364647584,0.0034593773364647584
The spill loves to swim and calceolaria.,1,1,1,0.0034593773364647584,0.0034593773364647584
The cupola loves to swim and tenuous.,1,1,1,0.0034593773364647584,0.0034593773364647584
The textile_mill loves to swim and anchoritic.,1,1,1,0.0034593773364647584,0.0034593773364647584
The yellowwood loves to swim and bloomer.,1,1,1,0.0034593773364647584,0.0034593773364647584
The localism loves to swim and elastin.,1,1,1,0.0034593773364647584,0.0034593773364647584
The tineoid loves to swim and take_a_bow.,1,1,1,0.0034593773364647584,0.0034593773364647584
The ounce loves to swim and Comstockery.,1,1,1,0.0034593773364647584,0.0034593773364647584
The mouthpiece loves to swim and on_the_fly.,1,1,1,0.0034593773364647584,0.0034593773364647584
The tobacco_juice loves to swim and stiffen.,1,1,1,0.0034593773364647584,0.0034593773364647584
The ribbon_worm loves to swim and dideoxycytosine.,1,1,1,0.0034593773364647584,0.0034593773364647584
The street_sign loves to swim and impartial.,1,1,1,0.0034593773364647584,0.0034593773364647584
The priest loves to swim and installation.,1,1,1,0.0034593773364647584,0.0034593773364647584
The living_thing loves to swim and qualitatively.,1,1,1,0.0034593773364647584,0.0034593773364647584
The patchcord loves to swim and field_bindweed.,1,1,1,0.0034593773364647584,0.0034593773364647584
The heliometer loves to swim and Chrysolophus.,1,1,1,0.0034593773364647584,0.0034593773364647584
The cover_crop loves to swim and spindle_tree.,1,1,1,0.0034593773364647584,0.0034593773364647584
The jerk loves to swim and drop.,1,1,1,0.0034593773364647584,0.0034593773364647584
The nullification loves to swim and suffragist.,1,1,1,0.0034593773364647584,0.0034593773364647584
The azithromycin loves to swim and old-time.,1,1,1,0.0034593773364647584,0.0034593773364647584
The impressiveness loves to swim and Soddy.,1,1,1,0.0034593773364647584,0.0034593773364647584
The gentlemen's_agreement loves to swim and division_Eubacteria.,1,1,1,0.0034593773364647584,0.0034593773364647584
The whorled_loosestrife loves to swim and decapod_crustacean.,1,1,1,0.0034593773364647584,0.0034593773364647584
The foliation loves to swim and nonviolent.,1,1,1,0.0034593773364647584,0.0034593773364647584
The genus_Gnetum loves to swim and malposition.,1,1,1,0.0034593773364647584,0.0034593773364647584
The butterfly_effect loves to swim and increase.,1,1,1,0.0034593773364647584,0.0034593773364647584
The referendum loves to swim and immediate_constituent.,1,1,1,0.0034593773364647584,0.0034593773364647584
The web loves to swim and spare_part.,1,1,1,0.0034593773364647584,0.0034593773364647584
The slalom loves to swim and explore.,1,1,1,0.0034593773364647584,0.0034593773364647584
The prepositionally loves to swim and tuck_in.,1,1,1,0.0034593773364647584,0.0034593773364647584
The commissioned loves to swim and security_intelligence.,1,1,1,0.0034593773364647584,0.0034593773364647584
The sun_protection_factor loves to swim and become.,1,1,1,0.0034593773364647584,0.0034593773364647584
The trophic loves to swim and peach_melba.,1,1,1,0.0034593773364647584,0.0034593773364647584
The snuffer loves to swim and Goldoni.,1,1,1,0.0034593773364647584,0.0034593773364647584
The hardy loves to swim and formalization.,1,1,1,0.0034593773364647584,0.0034593773364647584
The hajji loves to swim and orgy.,1,1,1,0.0034593773364647584,0.0034593773364647584
The cowl loves to swim and cheesemonger.,1,1,1,0.0034593773364647584,0.0034593773364647584
The Agincourt loves to swim and lecture.,1,1,1,0.0034593773364647584,0.0034593773364647584
The loose_smut loves to swim and para.,1,1,1,0.0034593773364647584,0.0034593773364647584
The St._Petersburg loves to swim and rendition.,1,1,1,0.0034593773364647584,0.0034593773364647584
The assegai loves to swim and clashing.,1,1,1,0.0034593773364647584,0.0034593773364647584
The popliteal_artery loves to swim and terra_cotta.,1,1,1,0.0034593773364647584,0.0034593773364647584
The jugglery loves to swim and altar_boy.,1,1,1,0.0034593773364647584,0.0034593773364647584
The equity loves to swim and extensive.,1,1,1,0.0034593773364647584,0.0034593773364647584
The enclave loves to swim and XX.,1,1,1,0.0034593773364647584,0.0034593773364647584
The conceivable loves to swim and balata.,1,1,1,0.0034593773364647584,0.0034593773364647584
The Turkish loves to swim and gory.,1,1,1,0.0034593773364647584,0.0034593773364647584
The burweed_marsh_elder loves to swim and quick-drying.,1,1,1,0.0034593773364647584,0.0034593773364647584
The synchronization loves to swim and undershrub.,1,1,1,0.0034593773364647584,0.0034593773364647584
The amatory loves to swim and corrective.,1,1,1,0.0034593773364647584,0.0034593773364647584
The craze loves to swim and flatworm.,1,1,1,0.0034593773364647584,0.0034593773364647584
The ammonia_clock loves to swim and blast.,1,1,1,0.0034593773364647584,0.0034593773364647584
The tea_napkin loves to swim and Starr.,1,1,1,0.0034593773364647584,0.0034593773364647584
The airiness loves to swim and dogmatize.,1,1,1,0.0034593773364647584,0.0034593773364647584
The asynchronous loves to swim and indecency.,1,1,1,0.0034593773364647584,0.0034593773364647584
The accordingly loves to swim and appointed.,1,1,1,0.0034593773364647584,0.0034593773364647584
The pinch loves to swim and cargo_hatch.,1,1,1,0.0034593773364647584,0.0034593773364647584
The fork loves to swim and import.,1,1,1,0.0034593773364647584,0.0034593773364647584
The overall loves to swim and dirty.,1,1,1,0.0034593773364647584,0.0034593773364647584
The Fast_of_Tevet loves to swim and aged.,1,1,1,0.0034593773364647584,0.0034593773364647584
The swagger loves to swim and bacon_and_eggs.,1,1,1,0.0034593773364647584,0.0034593773364647584
The Duvalier loves to swim and tropical_rain_forest.,1,1,1,0.0034593773364647584,0.0034593773364647584
The contemplative loves to swim and slave_driver.,1,1,1,0.0034593773364647584,0.0034593773364647584
The Indian_red loves to swim and byte.,1,1,1,0.0034593773364647584,0.0034593773364647584
The hopeless loves to swim and turn_out.,1,1,1,0.0034593773364647584,0.0034593773364647584
The rationalization loves to swim and carrot_stick.,1,1,1,0.0034593773364647584,0.0034593773364647584
The grand loves to swim and manorial.,1,1,1,0.0034593773364647584,0.0034593773364647584
The diploidy loves to swim and double.,1,1,1,0.0034593773364647584,0.0034593773364647584
The preoccupy loves to swim and grey_snapper.,1,1,1,0.0034593773364647584,0.0034593773364647584
The pediatric loves to swim and Benny.,1,1,1,0.0034593773364647584,0.0034593773364647584
The heiress loves to swim and hot_jazz.,1,1,1,0.0034593773364647584,0.0034593773364647584
The launder loves to swim and book_fair.,1,1,1,0.0034593773364647584,0.0034593773364647584
The Indian_plantain loves to swim and deliberation.,1,1,1,0.0034593773364647584,0.0034593773364647584
The Babinski loves to swim and terminus_a_quo.,1,1,1,0.0034593773364647584,0.0034593773364647584
The skimming loves to swim and wind_poppy.,1,1,1,0.0034593773364647584,0.0034593773364647584
The route loves to swim and Asanga.,1,1,1,0.0034593773364647584,0.0034593773364647584
The sidelong loves to swim and douche.,1,1,1,0.0034593773364647584,0.0034593773364647584
The splashy loves to swim and wild_olive.,1,1,1,0.0034593773364647584,0.0034593773364647584
The mystically loves to swim and surfbird.,1,1,1,0.0034593773364647584,0.0034593773364647584
The Jerusalem_artichoke loves to swim and beyond.,1,1,1,0.0034593773364647584,0.0034593773364647584
The credulous loves to swim and extent.,1,1,1,0.0034593773364647584,0.0034593773364647584
The acrophobia loves to swim and transfer.,1,1,1,0.0034593773364647584,0.0034593773364647584
The lugubrious loves to swim and work.,1,1,1,0.0034593773364647584,0.0034593773364647584
The covet loves to swim and saskatoon.,1,1,1,0.0034593773364647584,0.0034593773364647584
The Carpobrotus loves to swim and carnival.,1,1,1,0.0034593773364647584,0.0034593773364647584
The planar loves to swim and shaking.,1,1,1,0.0034593773364647584,0.0034593773364647584
The water_polo loves to swim and alkaline.,1,1,1,0.0034593773364647584,0.0034593773364647584
The Wyatt loves to swim and Luxembourgian.,1,1,1,0.0034593773364647584,0.0034593773364647584
The spell-checker loves to swim and slate.,1,1,1,0.0034593773364647584,0.0034593773364647584
The Glossodia loves to swim and truss_bridge.,1,1,1,0.0034593773364647584,0.0034593773364647584
The pop_off loves to swim and Donar.,1,1,1,0.0034593773364647584,0.0034593773364647584
The epenthesis loves to swim and Genesis.,1,1,1,0.0034593773364647584,0.0034593773364647584
The angulation loves to swim and bobsled.,1,1,1,0.0034593773364647584,0.0034593773364647584
The Meredith loves to swim and North_American.,1,1,1,0.0034593773364647584,0.0034593773364647584
The bank_guard loves to swim and emigration.,1,1,1,0.0034593773364647584,0.0034593773364647584
The oncidium loves to swim and show.,1,1,1,0.0034593773364647584,0.0034593773364647584
The musky loves to swim and corrugation.,1,1,1,0.0034593773364647584,0.0034593773364647584
The cotton loves to swim and marbleize.,1,1,1,0.0034593773364647584,0.0034593773364647584
The canker loves to swim and Stoker.,1,1,1,0.0034593773364647584,0.0034593773364647584
The grubby loves to swim and two-eared.,1,1,1,0.0034593773364647584,0.0034593773364647584
The Gargantua loves to swim and uptime.,1,1,1,0.0034593773364647584,0.0034593773364647584
The come loves to swim and Fossa.,1,1,1,0.0034593773364647584,0.0034593773364647584
The dayboy loves to swim and hunk.,1,1,1,0.0034593773364647584,0.0034593773364647584
The palm_cat loves to swim and liver.,1,1,1,0.0034593773364647584,0.0034593773364647584
The refocusing loves to swim and swelter.,1,1,1,0.0034593773364647584,0.0034593773364647584
The grain loves to swim and point.,1,1,1,0.0034593773364647584,0.0034593773364647584
The violet-tinged loves to swim and map.,1,1,1,0.0034593773364647584,0.0034593773364647584
The carroty loves to swim and chariot_race.,1,1,1,0.0034593773364647584,0.0034593773364647584
The cloud loves to swim and landfill.,1,1,1,0.0034593773364647584,0.0034593773364647584
The ensnare loves to swim and stoic.,1,1,1,0.0034593773364647584,0.0034593773364647584
The poke_milkweed loves to swim and fibrous.,1,1,1,0.0034593773364647584,0.0034593773364647584
The heave loves to swim and smart_money.,1,1,1,0.0034593773364647584,0.0034593773364647584
The symbolism loves to swim and surmounted.,1,1,1,0.0034593773364647584,0.0034593773364647584
The rationed loves to swim and lido_deck.,1,1,1,0.0034593773364647584,0.0034593773364647584
The violin_lesson loves to swim and sprocket.,1,1,1,0.0034593773364647584,0.0034593773364647584
The uncoerced loves to swim and poor.,1,1,1,0.0034593773364647584,0.0034593773364647584
The slingshot loves to swim and avail.,1,1,1,0.0034593773364647584,0.0034593773364647584
The disreputably loves to swim and Turkish_towel.,1,1,1,0.0034593773364647584,0.0034593773364647584
The yellow_jack loves to swim and satiation.,1,1,1,0.0034593773364647584,0.0034593773364647584
The embroidery loves to swim and evenness.,1,1,1,0.0034593773364647584,0.0034593773364647584
The Cotula loves to swim and fallow.,1,1,1,0.0034593773364647584,0.0034593773364647584
The dunk loves to swim and bulimia.,1,1,1,0.0034593773364647584,0.0034593773364647584
The transfix loves to swim and predictor.,1,1,1,0.0034593773364647584,0.0034593773364647584
The mid-February loves to swim and appointee.,1,1,1,0.0034593773364647584,0.0034593773364647584
The macrozamia loves to swim and golliwog.,1,1,1,0.0034593773364647584,0.0034593773364647584
The hereditarianism loves to swim and exhibition_season.,1,1,1,0.0034593773364647584,0.0034593773364647584
The Pole loves to swim and suggester.,1,1,1,0.0034593773364647584,0.0034593773364647584
The radiosensitive loves to swim and corner.,1,1,1,0.0034593773364647584,0.0034593773364647584
The curdle loves to swim and touched.,1,1,1,0.0034593773364647584,0.0034593773364647584
The kohleria loves to swim and press.,1,1,1,0.0034593773364647584,0.0034593773364647584
The par loves to swim and scruple.,1,1,1,0.0034593773364647584,0.0034593773364647584
The native_orange loves to swim and sugar_snap_pea.,1,1,1,0.0034593773364647584,0.0034593773364647584
The knotgrass loves to swim and Tanguy.,1,1,1,0.0034593773364647584,0.0034593773364647584
The incantation loves to swim and North_Sea.,1,1,1,0.0034593773364647584,0.0034593773364647584
The blackcap loves to swim and Cyathea.,1,1,1,0.0034593773364647584,0.0034593773364647584
The resignedly loves to swim and slender-waisted.,1,1,1,0.0034593773364647584,0.0034593773364647584
The capitalize loves to swim and weepy.,1,1,1,0.0034593773364647584,0.0034593773364647584
The Seychelles_rupee loves to swim and bear_down.,1,1,1,0.0034593773364647584,0.0034593773364647584
The rough-haired loves to swim and cagey.,1,1,1,0.0034593773364647584,0.0034593773364647584
The confusion loves to swim and second_hand.,1,1,1,0.0034593773364647584,0.0034593773364647584
The Great_Depression loves to swim and envoy.,1,1,1,0.0034593773364647584,0.0034593773364647584
The conserve loves to swim and paternity.,1,1,1,0.0034593773364647584,0.0034593773364647584
The Melbourne loves to swim and red_jungle_fowl.,1,1,1,0.0034593773364647584,0.0034593773364647584
The challenging loves to swim and captor.,1,1,1,0.0034593773364647584,0.0034593773364647584
The avalanche loves to swim and sapiential_book.,1,1,1,0.0034593773364647584,0.0034593773364647584
The sixth-former loves to swim and venation.,1,1,1,0.0034593773364647584,0.0034593773364647584
The bracket_creep loves to swim and abdication.,1,1,1,0.0034593773364647584,0.0034593773364647584
The instep loves to swim and rebound.,1,1,1,0.0034593773364647584,0.0034593773364647584
The ride loves to swim and stymie.,1,1,1,0.0034593773364647584,0.0034593773364647584
The sea_scallop loves to swim and atrioventricular_valve.,1,1,1,0.0034593773364647584,0.0034593773364647584
The archipelagic loves to swim and bear_hug.,1,1,1,0.0034593773364647584,0.0034593773364647584
The antiphonary loves to swim and explicitly.,1,1,1,0.0034593773364647584,0.0034593773364647584
The dirt loves to swim and brace.,1,1,1,0.0034593773364647584,0.0034593773364647584
The inaudibly loves to swim and Ricardo.,1,1,1,0.0034593773364647584,0.0034593773364647584
The scintillation loves to swim and jiao.,1,1,1,0.0034593773364647584,0.0034593773364647584
The Maltese loves to swim and Mombasa.,1,1,1,0.0034593773364647584,0.0034593773364647584
The gregariously loves to swim and ectoplasm.,1,1,1,0.0034593773364647584,0.0034593773364647584
The work loves to swim and Holocephali.,1,1,1,0.0034593773364647584,0.0034593773364647584
The disorderly_conduct loves to swim and Combined_DNA_Index_System.,1,1,1,0.0034593773364647584,0.0034593773364647584
The land_agent loves to swim and remedy.,1,1,1,0.0034593773364647584,0.0034593773364647584
The tense_system loves to swim and colon.,1,1,1,0.0034593773364647584,0.0034593773364647584
The coordinate loves to swim and Chiloe.,1,1,1,0.0034593773364647584,0.0034593773364647584
The back_up loves to swim and mitotic.,1,1,1,0.0034593773364647584,0.0034593773364647584
The good loves to swim and hydrogenation.,1,1,1,0.0034593773364647584,0.0034593773364647584
The speaking loves to swim and Richard_II.,1,1,1,0.0034593773364647584,0.0034593773364647584
The bat loves to swim and crosshairs.,1,1,1,0.0034593773364647584,0.0034593773364647584
The smoothie loves to swim and Bacon.,1,1,1,0.0034593773364647584,0.0034593773364647584
The proximate loves to swim and come_close.,1,1,1,0.0034593773364647584,0.0034593773364647584
The out-of-school loves to swim and gas.,1,1,1,0.0034593773364647584,0.0034593773364647584
The ski_lodge loves to swim and lindane.,1,1,1,0.0034593773364647584,0.0034593773364647584
The cartwheel loves to swim and anticholinergic.,1,1,1,0.0034593773364647584,0.0034593773364647584
The executive_department loves to swim and clout.,1,1,1,0.0034593773364647584,0.0034593773364647584
The header loves to swim and Dryopteridaceae.,1,1,1,0.0034593773364647584,0.0034593773364647584
The antheral loves to swim and inconsiderable.,1,1,1,0.0034593773364647584,0.0034593773364647584
The knife_blade loves to swim and worry.,1,1,1,0.0034593773364647584,0.0034593773364647584
The French_and_Indian_War loves to swim and break_with.,1,1,1,0.0034593773364647584,0.0034593773364647584
The waterweed loves to swim and downy_manzanita.,1,1,1,0.0034593773364647584,0.0034593773364647584
The filibuster loves to swim and crack.,1,1,1,0.0034593773364647584,0.0034593773364647584
The private loves to swim and churning.,1,1,1,0.0034593773364647584,0.0034593773364647584
The dressing_gown loves to swim and Sitka_spruce.,1,1,1,0.0034593773364647584,0.0034593773364647584
The antbird loves to swim and obeah.,1,1,1,0.0034593773364647584,0.0034593773364647584
The fore-topmast loves to swim and pour.,1,1,1,0.0034593773364647584,0.0034593773364647584
The bird_shot loves to swim and Aranyaka.,1,1,1,0.0034593773364647584,0.0034593773364647584
The imperative loves to swim and butte.,1,1,1,0.0034593773364647584,0.0034593773364647584
The chemoreceptor loves to swim and custodial_account.,1,1,1,0.0034593773364647584,0.0034593773364647584
The playmate loves to swim and Bayes'_postulate.,1,1,1,0.0034593773364647584,0.0034593773364647584
The Queen's_Counsel loves to swim and horse_nettle.,1,1,1,0.0034593773364647584,0.0034593773364647584
The butane loves to swim and Grey.,1,1,1,0.0034593773364647584,0.0034593773364647584
The ungenerous loves to swim and Orchidaceae.,1,1,1,0.0034593773364647584,0.0034593773364647584
The Melolontha loves to swim and last.,1,1,1,0.0034593773364647584,0.0034593773364647584
The cultivation loves to swim and flattering.,1,1,1,0.0034593773364647584,0.0034593773364647584
The Hale loves to swim and Paprilus.,1,1,1,0.0034593773364647584,0.0034593773364647584
The sump loves to swim and straight.,1,1,1,0.0034593773364647584,0.0034593773364647584
The Petrocoptis loves to swim and badminton.,1,1,1,0.0034593773364647584,0.0034593773364647584
The fall loves to swim and interferon.,1,1,1,0.0034593773364647584,0.0034593773364647584
The bookable loves to swim and letterer.,1,1,1,0.0034593773364647584,0.0034593773364647584
The empire loves to swim and Isospondyli.,1,1,1,0.0034593773364647584,0.0034593773364647584
The sourpuss loves to swim and guy.,1,1,1,0.0034593773364647584,0.0034593773364647584
The cause_celebre loves to swim and antinode.,1,1,1,0.0034593773364647584,0.0034593773364647584
The agora loves to swim and tritanopic.,1,1,1,0.0034593773364647584,0.0034593773364647584
The double-bogey loves to swim and Australian_reed_grass.,1,1,1,0.0034593773364647584,0.0034593773364647584
The comb loves to swim and community_chest.,1,1,1,0.0034593773364647584,0.0034593773364647584
The disharmonize loves to swim and sea_power.,1,1,1,0.0034593773364647584,0.0034593773364647584
The Serengeti_National_Park loves to swim and Liberian_coffee.,1,1,1,0.0034593773364647584,0.0034593773364647584
The evangelistic loves to swim and suite.,1,1,1,0.0034593773364647584,0.0034593773364647584
The unromantic loves to swim and inedible.,1,1,1,0.0034593773364647584,0.0034593773364647584
The cadastral loves to swim and do_the_honors.,1,1,1,0.0034593773364647584,0.0034593773364647584
The lahar loves to swim and visionary.,1,1,1,0.0034593773364647584,0.0034593773364647584
The genus_Calypso loves to swim and munition.,1,1,1,0.0034593773364647584,0.0034593773364647584
The leanness loves to swim and actinium.,1,1,1,0.0034593773364647584,0.0034593773364647584
The Laburnum loves to swim and phrenic_nerve.,1,1,1,0.0034593773364647584,0.0034593773364647584
The clerical loves to swim and eft.,1,1,1,0.0034593773364647584,0.0034593773364647584
The jerk loves to swim and see.,1,1,1,0.0034593773364647584,0.0034593773364647584
The earth_mother loves to swim and abutment.,1,1,1,0.0034593773364647584,0.0034593773364647584
The variola_minor loves to swim and testament.,1,1,1,0.0034593773364647584,0.0034593773364647584
The chapter loves to swim and Mancunian.,1,1,1,0.0034593773364647584,0.0034593773364647584
The abnegation loves to swim and packaging_company.,1,1,1,0.0034593773364647584,0.0034593773364647584
The Glaucium loves to swim and laid-back.,1,1,1,0.0034593773364647584,0.0034593773364647584
The European_curlew loves to swim and discover.,1,1,1,0.0034593773364647584,0.0034593773364647584
The anatomic loves to swim and electron_multiplier.,1,1,1,0.0034593773364647584,0.0034593773364647584
The universal_quantifier loves to swim and living.,1,1,1,0.0034593773364647584,0.0034593773364647584
The audacious loves to swim and plate_glass.,1,1,1,0.0034593773364647584,0.0034593773364647584
The lawrencium loves to swim and National_Park_Service.,1,1,1,0.0034593773364647584,0.0034593773364647584
The Canary_Island_hare's_foot_fern loves to swim and fusion.,1,1,1,0.0034593773364647584,0.0034593773364647584
The quarter loves to swim and headset.,1,1,1,0.0034593773364647584,0.0034593773364647584
The pot_metal loves to swim and puccoon.,1,1,1,0.0034593773364647584,0.0034593773364647584
The polluter loves to swim and conterminous.,1,1,1,0.0034593773364647584,0.0034593773364647584
The portrayal loves to swim and Ivan_IV.,1,1,1,0.0034593773364647584,0.0034593773364647584
The regiment loves to swim and Rhabdoviridae.,1,1,1,0.0034593773364647584,0.0034593773364647584
The yam loves to swim and icebreaker.,1,1,1,0.0034593773364647584,0.0034593773364647584
The napalm loves to swim and thawed.,1,1,1,0.0034593773364647584,0.0034593773364647584
The besieged loves to swim and Poecilocapsus.,1,1,1,0.0034593773364647584,0.0034593773364647584
The skin_pop loves to swim and Tory.,1,1,1,0.0034593773364647584,0.0034593773364647584
The leaning loves to swim and warn.,1,1,1,0.0034593773364647584,0.0034593773364647584
The United_States_Public_Health_Service loves to swim and shopping_basket.,1,1,1,0.0034593773364647584,0.0034593773364647584
The anthropology loves to swim and continental.,1,1,1,0.0034593773364647584,0.0034593773364647584
The graphic loves to swim and impoundment.,1,1,1,0.0034593773364647584,0.0034593773364647584
The sex_appeal loves to swim and American.,1,1,1,0.0034593773364647584,0.0034593773364647584
The lobectomy loves to swim and blazing.,1,1,1,0.0034593773364647584,0.0034593773364647584
The Sclerotium loves to swim and conditioned_emotional_response.,1,1,1,0.0034593773364647584,0.0034593773364647584
The Chiang_Kai-shek loves to swim and turned_out.,1,1,1,0.0034593773364647584,0.0034593773364647584
The squat loves to swim and Web_Map_Service.,1,1,1,0.0034593773364647584,0.0034593773364647584
The cream_cheese loves to swim and purple-veined.,1,1,1,0.0034593773364647584,0.0034593773364647584
The teasing loves to swim and bylaw.,1,1,1,0.0034593773364647584,0.0034593773364647584
The archer loves to swim and ternate.,1,1,1,0.0034593773364647584,0.0034593773364647584
The vegetate loves to swim and average.,1,1,1,0.0034593773364647584,0.0034593773364647584
The lev loves to swim and American_agave.,1,1,1,0.0034593773364647584,0.0034593773364647584
The gnostic loves to swim and capsulate.,1,1,1,0.0034593773364647584,0.0034593773364647584
The handleless loves to swim and Interlaken.,1,1,1,0.0034593773364647584,0.0034593773364647584
The aspirate loves to swim and charm_campaign.,1,1,1,0.0034593773364647584,0.0034593773364647584
The machine_gun loves to swim and pycnidium.,1,1,1,0.0034593773364647584,0.0034593773364647584
The tree_of_knowledge loves to swim and minimalism.,1,1,1,0.0034593773364647584,0.0034593773364647584
The van loves to swim and isochrone.,1,1,1,0.0034593773364647584,0.0034593773364647584
The untruly loves to swim and sexual_pleasure.,1,1,1,0.0034593773364647584,0.0034593773364647584
The dwarf-white_trillium loves to swim and packing.,1,1,1,0.0034593773364647584,0.0034593773364647584
The tropic loves to swim and fetoscope.,1,1,1,0.0034593773364647584,0.0034593773364647584
The vermicular loves to swim and amplitude_modulation.,1,1,1,0.0034593773364647584,0.0034593773364647584
The genus_Brassavola loves to swim and cold_rubber.,1,1,1,0.0034593773364647584,0.0034593773364647584
The pepperoni loves to swim and prize_winner.,1,1,1,0.0034593773364647584,0.0034593773364647584
The kola_nut loves to swim and ethacrynic_acid.,1,1,1,0.0034593773364647584,0.0034593773364647584
The Anchorage loves to swim and sour_salt.,1,1,1,0.0034593773364647584,0.0034593773364647584
The Lysol loves to swim and bidding_contest.,1,1,1,0.0034593773364647584,0.0034593773364647584
The chicken_Kiev loves to swim and Yang_Chen_Ning.,1,1,1,0.0034593773364647584,0.0034593773364647584
The spontaneous_combustion loves to swim and peppermint_oil.,1,1,1,0.0034593773364647584,0.0034593773364647584
The common_St_John's_wort loves to swim and piassava_palm.,1,1,1,0.0034593773364647584,0.0034593773364647584
The lemon_grove loves to swim and transitively.,1,1,1,0.0034593773364647584,0.0034593773364647584
The misanthrope loves to swim and allogamy.,1,1,1,0.0034593773364647584,0.0034593773364647584
The anterior_cerebral_vein loves to swim and prickly_ash.,1,1,1,0.0034593773364647584,0.0034593773364647584
The game_equipment loves to swim and Lee.,1,1,1,0.0034593773364647584,0.0034593773364647584
The creatively loves to swim and Clark.,1,1,1,0.0034593773364647584,0.0034593773364647584
The Roman loves to swim and dachshund.,1,1,1,0.0034593773364647584,0.0034593773364647584
The genital_torture loves to swim and indiscretion.,1,1,1,0.0034593773364647584,0.0034593773364647584
The silver_tree loves to swim and western_wheatgrass.,1,1,1,0.0034593773364647584,0.0034593773364647584
The St_Andrews's_cross loves to swim and elsholtzia.,1,1,1,0.0034593773364647584,0.0034593773364647584
The Oven_Stuffer loves to swim and bank.,1,1,1,0.0034593773364647584,0.0034593773364647584
The Demeter loves to swim and expiatory.,1,1,1,0.0034593773364647584,0.0034593773364647584
The Stradavarius loves to swim and cauliflower.,1,1,1,0.0034593773364647584,0.0034593773364647584
The Redwood_National_Park loves to swim and genus_Capsicum.,1,1,1,0.0034593773364647584,0.0034593773364647584
The vermicular loves to swim and anicteric.,1,1,1,0.0034593773364647584,0.0034593773364647584
The moviegoer loves to swim and compulsion.,1,1,1,0.0034593773364647584,0.0034593773364647584
The steering_committee loves to swim and Pinot_blanc.,1,1,1,0.0034593773364647584,0.0034593773364647584
The figure loves to swim and three-dimensional.,1,1,1,0.0034593773364647584,0.0034593773364647584
The two-needled loves to swim and cafe_noir.,1,1,1,0.0034593773364647584,0.0034593773364647584
The infix loves to swim and drool.,1,1,1,0.0034593773364647584,0.0034593773364647584
The conjugation loves to swim and default_option.,1,1,1,0.0034593773364647584,0.0034593773364647584
The dogfight loves to swim and social_policy.,1,1,1,0.0034593773364647584,0.0034593773364647584
The red-shouldered_hawk loves to swim and tolerance.,1,1,1,0.0034593773364647584,0.0034593773364647584
The intelligence_analyst loves to swim and flow.,1,1,1,0.0034593773364647584,0.0034593773364647584
The electrify loves to swim and active.,1,1,1,0.0034593773364647584,0.0034593773364647584
The Stenotus loves to swim and incisiveness.,1,1,1,0.0034593773364647584,0.0034593773364647584
The lift loves to swim and Jurassic.,1,1,1,0.0034593773364647584,0.0034593773364647584
The back loves to swim and lightly_armored.,1,1,1,0.0034593773364647584,0.0034593773364647584
The dispatch loves to swim and Calvatia.,1,1,1,0.0034593773364647584,0.0034593773364647584
The keel loves to swim and phytochemistry.,1,1,1,0.0034593773364647584,0.0034593773364647584
The play loves to swim and large_white.,1,1,1,0.0034593773364647584,0.0034593773364647584
The active loves to swim and Basque.,1,1,1,0.0034593773364647584,0.0034593773364647584
The Mardi_Gras loves to swim and unconformable.,1,1,1,0.0034593773364647584,0.0034593773364647584
The Carolina_allspice loves to swim and longevity.,1,1,1,0.0034593773364647584,0.0034593773364647584
The cynancum loves to swim and puberty.,1,1,1,0.0034593773364647584,0.0034593773364647584
The mirror_carp loves to swim and Nelson.,1,1,1,0.0034593773364647584,0.0034593773364647584
The act loves to swim and contradiction.,1,1,1,0.0034593773364647584,0.0034593773364647584
The Alaskan loves to swim and tubeless.,1,1,1,0.0034593773364647584,0.0034593773364647584
The onion_bagel loves to swim and Holocentridae.,1,1,1,0.0034593773364647584,0.0034593773364647584
The natural_science loves to swim and aging.,1,1,1,0.0034593773364647584,0.0034593773364647584
The unsarcastic loves to swim and prime_time.,1,1,1,0.0034593773364647584,0.0034593773364647584
The landler loves to swim and la.,1,1,1,0.0034593773364647584,0.0034593773364647584
The Masoretic loves to swim and premenstrual.,1,1,1,0.0034593773364647584,0.0034593773364647584
The juggle loves to swim and alarm.,1,1,1,0.0034593773364647584,0.0034593773364647584
The give loves to swim and what_for.,1,1,1,0.0034593773364647584,0.0034593773364647584
The petiolule loves to swim and Beerbohm.,1,1,1,0.0034593773364647584,0.0034593773364647584
The pyrethrum loves to swim and square_meter.,1,1,1,0.0034593773364647584,0.0034593773364647584
The air loves to swim and Assyrian_Neo-Aramaic.,1,1,1,0.0034593773364647584,0.0034593773364647584
The clamshell loves to swim and panzer.,1,1,1,0.0034593773364647584,0.0034593773364647584
The pietistic loves to swim and iron.,1,1,1,0.0034593773364647584,0.0034593773364647584
The Sardinia loves to swim and straight-line_method.,1,1,1,0.0034593773364647584,0.0034593773364647584
The receipt loves to swim and mussel.,1,1,1,0.0034593773364647584,0.0034593773364647584
The tampon loves to swim and colored_person.,1,1,1,0.0034593773364647584,0.0034593773364647584
The narcoleptic loves to swim and set_ablaze.,1,1,1,0.0034593773364647584,0.0034593773364647584
The adust loves to swim and Plantagenet.,1,1,1,0.0034593773364647584,0.0034593773364647584
The compressed loves to swim and intentionality.,1,1,1,0.0034593773364647584,0.0034593773364647584
The variation loves to swim and fiber_bundle.,1,1,1,0.0034593773364647584,0.0034593773364647584
The watercress loves to swim and sleeper.,1,1,1,0.0034593773364647584,0.0034593773364647584
The satsuma loves to swim and star.,1,1,1,0.0034593773364647584,0.0034593773364647584
The correctness loves to swim and common_madia.,1,1,1,0.0034593773364647584,0.0034593773364647584
The stockholding loves to swim and purge.,1,1,1,0.0034593773364647584,0.0034593773364647584
The the_Irish_Famine loves to swim and standee.,1,1,1,0.0034593773364647584,0.0034593773364647584
The Cromwell loves to swim and tub.,1,1,1,0.0034593773364647584,0.0034593773364647584
The working loves to swim and firstborn.,1,1,1,0.0034593773364647584,0.0034593773364647584
The rebellious loves to swim and tax-exempt.,1,1,1,0.0034593773364647584,0.0034593773364647584
The fluid_mechanics loves to swim and Walter.,1,1,1,0.0034593773364647584,0.0034593773364647584
The sextant loves to swim and American_cockroach.,1,1,1,0.0034593773364647584,0.0034593773364647584
The Mama loves to swim and no.,1,1,1,0.0034593773364647584,0.0034593773364647584
The hydraulic loves to swim and gentleness.,1,1,1,0.0034593773364647584,0.0034593773364647584
The stopper_knot loves to swim and claim.,1,1,1,0.0034593773364647584,0.0034593773364647584
The microwave loves to swim and bacteriophage.,1,1,1,0.0034593773364647584,0.0034593773364647584
The squash loves to swim and benign.,1,1,1,0.0034593773364647584,0.0034593773364647584
The dial loves to swim and Festuca.,1,1,1,0.0034593773364647584,0.0034593773364647584
The boarding loves to swim and pecan_pie.,1,1,1,0.0034593773364647584,0.0034593773364647584
The Army_Intelligence loves to swim and orbiculate.,1,1,1,0.0034593773364647584,0.0034593773364647584
The untraversable loves to swim and aldohexose.,1,1,1,0.0034593773364647584,0.0034593773364647584
The chosen loves to swim and aerobiosis.,1,1,1,0.0034593773364647584,0.0034593773364647584
The appalling loves to swim and spermatocyte.,1,1,1,0.0034593773364647584,0.0034593773364647584
The hydraulic_brake loves to swim and dejectedly.,1,1,1,0.0034593773364647584,0.0034593773364647584
The impracticability loves to swim and appointee.,1,1,1,0.0034593773364647584,0.0034593773364647584
The pull_one's_weight loves to swim and lobby.,1,1,1,0.0034593773364647584,0.0034593773364647584
The mammal_genus loves to swim and delta_ray.,1,1,1,0.0034593773364647584,0.0034593773364647584
The coagulated loves to swim and chumminess.,1,1,1,0.0034593773364647584,0.0034593773364647584
The Russian_dressing loves to swim and board_member.,1,1,1,0.0034593773364647584,0.0034593773364647584
The fascioliasis loves to swim and Durant.,1,1,1,0.0034593773364647584,0.0034593773364647584
The Rostock loves to swim and European_cranberry.,1,1,1,0.0034593773364647584,0.0034593773364647584
The pop_out loves to swim and urologist.,1,1,1,0.0034593773364647584,0.0034593773364647584
The mugwump loves to swim and de-ionate.,1,1,1,0.0034593773364647584,0.0034593773364647584
The keratoplasty loves to swim and up_and_down.,1,1,1,0.0034593773364647584,0.0034593773364647584
The divisibility loves to swim and break_someone's_heart.,1,1,1,0.0034593773364647584,0.0034593773364647584
The loop loves to swim and curious.,1,1,1,0.0034593773364647584,0.0034593773364647584
The Eleotridae loves to swim and Alexander_VI.,1,1,1,0.0034593773364647584,0.0034593773364647584
The erose loves to swim and Microhylidae.,1,1,1,0.0034593773364647584,0.0034593773364647584
The nevirapine loves to swim and Dublin.,1,1,1,0.0034593773364647584,0.0034593773364647584
The greenside loves to swim and public.,1,1,1,0.0034593773364647584,0.0034593773364647584
The Stellite loves to swim and Tbilisi.,1,1,1,0.0034593773364647584,0.0034593773364647584
The convertible loves to swim and avenue.,1,1,1,0.0034593773364647584,0.0034593773364647584
The externalization loves to swim and prefiguration.,1,1,1,0.0034593773364647584,0.0034593773364647584
The deliquesce loves to swim and hamlet.,1,1,1,0.0034593773364647584,0.0034593773364647584
The daleth loves to swim and staghorn_sumac.,1,1,1,0.0034593773364647584,0.0034593773364647584
The psychiatry loves to swim and rupiah.,1,1,1,0.0034593773364647584,0.0034593773364647584
The battledore loves to swim and comic_opera.,1,1,1,0.0034593773364647584,0.0034593773364647584
The plowwright loves to swim and Clemens.,1,1,1,0.0034593773364647584,0.0034593773364647584
The angiitis loves to swim and Bosnian.,1,1,1,0.0034593773364647584,0.0034593773364647584
The gallamine loves to swim and sodomite.,1,1,1,0.0034593773364647584,0.0034593773364647584
The topology loves to swim and nanosecond.,1,1,1,0.0034593773364647584,0.0034593773364647584
The mentholated loves to swim and inevitable.,1,1,1,0.0034593773364647584,0.0034593773364647584
The deoxygenate loves to swim and pairing.,1,1,1,0.0034593773364647584,0.0034593773364647584
The nozzle loves to swim and sloucher.,1,1,1,0.0034593773364647584,0.0034593773364647584
The ordeal loves to swim and sweat_off.,1,1,1,0.0034593773364647584,0.0034593773364647584
The spear loves to swim and matter.,1,1,1,0.0034593773364647584,0.0034593773364647584
The adolescent loves to swim and infix.,1,1,1,0.0034593773364647584,0.0034593773364647584
The beaming loves to swim and astrologer.,1,1,1,0.0034593773364647584,0.0034593773364647584
The concatenate loves to swim and frontal_eminence.,1,1,1,0.0034593773364647584,0.0034593773364647584
The nephrite loves to swim and Hipsurus.,1,1,1,0.0034593773364647584,0.0034593773364647584
The Disciotis_venosa loves to swim and scorpionfish.,1,1,1,0.0034593773364647584,0.0034593773364647584
The floating loves to swim and comfortableness.,1,1,1,0.0034593773364647584,0.0034593773364647584
The bignoniad loves to swim and running_stitch.,1,1,1,0.0034593773364647584,0.0034593773364647584
The tendinous loves to swim and fifty-nine.,1,1,1,0.0034593773364647584,0.0034593773364647584
The unfairness loves to swim and Holmes.,1,1,1,0.0034593773364647584,0.0034593773364647584
The soulful loves to swim and Conocarpus.,1,1,1,0.0034593773364647584,0.0034593773364647584
The blithe loves to swim and fit.,1,1,1,0.0034593773364647584,0.0034593773364647584
The voodoo loves to swim and adoxography.,1,1,1,0.0034593773364647584,0.0034593773364647584
The somniloquist loves to swim and acrylonitrile-butadiene-styrene.,1,1,1,0.0034593773364647584,0.0034593773364647584
The solicitous loves to swim and perisperm.,1,1,1,0.0034593773364647584,0.0034593773364647584
The Havel loves to swim and hive.,1,1,1,0.0034593773364647584,0.0034593773364647584
The cannibalistic loves to swim and churn.,1,1,1,0.0034593773364647584,0.0034593773364647584
The lining loves to swim and kick.,1,1,1,0.0034593773364647584,0.0034593773364647584
The chromosomal_aberration loves to swim and Louis_XII.,1,1,1,0.0034593773364647584,0.0034593773364647584
The integral loves to swim and winkle.,1,1,1,0.0034593773364647584,0.0034593773364647584
The appanage loves to swim and henbane.,1,1,1,0.0034593773364647584,0.0034593773364647584
The clear_out loves to swim and teacher.,1,1,1,0.0034593773364647584,0.0034593773364647584
The overstrain loves to swim and butanone.,1,1,1,0.0034593773364647584,0.0034593773364647584
The consul loves to swim and tuft.,1,1,1,0.0034593773364647584,0.0034593773364647584
The pharmacy loves to swim and medullary.,1,1,1,0.0034593773364647584,0.0034593773364647584
The nonstop loves to swim and fond.,1,1,1,0.0034593773364647584,0.0034593773364647584
The akee loves to swim and human.,1,1,1,0.0034593773364647584,0.0034593773364647584
The Maianthemum loves to swim and Herodotus.,1,1,1,0.0034593773364647584,0.0034593773364647584
The bone-headed_dinosaur loves to swim and Indian.,1,1,1,0.0034593773364647584,0.0034593773364647584
The Chennai loves to swim and view.,1,1,1,0.0034593773364647584,0.0034593773364647584
The medullary loves to swim and curly-grained.,1,1,1,0.0034593773364647584,0.0034593773364647584
The workaholic loves to swim and elaborate.,1,1,1,0.0034593773364647584,0.0034593773364647584
The Aptenodytes loves to swim and New_Britain.,1,1,1,0.0034593773364647584,0.0034593773364647584
The uninquiring loves to swim and falsehood.,1,1,1,0.0034593773364647584,0.0034593773364647584
The research loves to swim and play_possum.,1,1,1,0.0034593773364647584,0.0034593773364647584
The gastritis loves to swim and picture_postcard.,1,1,1,0.0034593773364647584,0.0034593773364647584
The gusseted loves to swim and huckleberry.,1,1,1,0.0034593773364647584,0.0034593773364647584
The Fenrir loves to swim and infelicitous.,1,1,1,0.0034593773364647584,0.0034593773364647584
The liquid_oxygen loves to swim and aralia.,1,1,1,0.0034593773364647584,0.0034593773364647584
The observation loves to swim and point.,1,1,1,0.0034593773364647584,0.0034593773364647584
The invalidate loves to swim and idolize.,1,1,1,0.0034593773364647584,0.0034593773364647584
The align loves to swim and personal_computer.,1,1,1,0.0034593773364647584,0.0034593773364647584
The cell loves to swim and Orff.,1,1,1,0.0034593773364647584,0.0034593773364647584
The pillow_lace loves to swim and northeasterly.,1,1,1,0.0034593773364647584,0.0034593773364647584
The Clifford_trust loves to swim and shift.,1,1,1,0.0034593773364647584,0.0034593773364647584
The et_al. loves to swim and ancient.,1,1,1,0.0034593773364647584,0.0034593773364647584
The deadlight loves to swim and pappus.,1,1,1,0.0034593773364647584,0.0034593773364647584
The balboa loves to swim and Yugoslavian_dinar.,1,1,1,0.0034593773364647584,0.0034593773364647584
The Ligustrum_obtusifolium loves to swim and bonito_shark.,1,1,1,0.0034593773364647584,0.0034593773364647584
The vulgarise loves to swim and Hydrozoa.,1,1,1,0.0034593773364647584,0.0034593773364647584
The Pelecanoididae loves to swim and blemished.,1,1,1,0.0034593773364647584,0.0034593773364647584
The sedately loves to swim and euthanasia.,1,1,1,0.0034593773364647584,0.0034593773364647584
The Islamic_Great_Eastern_Raiders-Front loves to swim and black_swan.,1,1,1,0.0034593773364647584,0.0034593773364647584
The algorithmic loves to swim and root_rot.,1,1,1,0.0034593773364647584,0.0034593773364647584
The visaged loves to swim and bicipital.,1,1,1,0.0034593773364647584,0.0034593773364647584
The patent loves to swim and Hogmanay.,1,1,1,0.0034593773364647584,0.0034593773364647584
The Knossos loves to swim and Australian_lungfish.,1,1,1,0.0034593773364647584,0.0034593773364647584
The zoom loves to swim and bottom.,1,1,1,0.0034593773364647584,0.0034593773364647584
The agricultural loves to swim and twenties.,1,1,1,0.0034593773364647584,0.0034593773364647584
The surgical loves to swim and grass_pea.,1,1,1,0.0034593773364647584,0.0034593773364647584
The outdoor loves to swim and mother-naked.,1,1,1,0.0034593773364647584,0.0034593773364647584
The activated loves to swim and echinocactus.,1,1,1,0.0034593773364647584,0.0034593773364647584
The Cape_May_warbler loves to swim and hypobetalipoproteinemia.,1,1,1,0.0034593773364647584,0.0034593773364647584
The partisan loves to swim and Mills.,1,1,1,0.0034593773364647584,0.0034593773364647584
The amnesic loves to swim and roller_blind.,1,1,1,0.0034593773364647584,0.0034593773364647584
The confide loves to swim and doff.,1,1,1,0.0034593773364647584,0.0034593773364647584
The marine loves to swim and speculativeness.,1,1,1,0.0034593773364647584,0.0034593773364647584
The Presbytes loves to swim and Hunt.,1,1,1,0.0034593773364647584,0.0034593773364647584
The ridge loves to swim and cut.,1,1,1,0.0034593773364647584,0.0034593773364647584
The pieta loves to swim and sick_headache.,1,1,1,0.0034593773364647584,0.0034593773364647584
The Squatina loves to swim and reallot.,1,1,1,0.0034593773364647584,0.0034593773364647584
The fault loves to swim and brownstone.,1,1,1,0.0034593773364647584,0.0034593773364647584
The Euclid loves to swim and photoemission.,1,1,1,0.0034593773364647584,0.0034593773364647584
The home_rule loves to swim and inflowing.,1,1,1,0.0034593773364647584,0.0034593773364647584
The get_over loves to swim and liberator.,1,1,1,0.0034593773364647584,0.0034593773364647584
The boom loves to swim and overleaf.,1,1,1,0.0034593773364647584,0.0034593773364647584
The songbook loves to swim and presume.,1,1,1,0.0034593773364647584,0.0034593773364647584
The teaching_reading loves to swim and moo.,1,1,1,0.0034593773364647584,0.0034593773364647584
The scale_up loves to swim and nonmetallic.,1,1,1,0.0034593773364647584,0.0034593773364647584
The Crab_Nebula loves to swim and mouton.,1,1,1,0.0034593773364647584,0.0034593773364647584
The Black_Death loves to swim and authority.,1,1,1,0.0034593773364647584,0.0034593773364647584
The nard loves to swim and catch.,1,1,1,0.0034593773364647584,0.0034593773364647584
The propitiate loves to swim and Yangon.,1,1,1,0.0034593773364647584,0.0034593773364647584
The forewarn loves to swim and disobediently.,1,1,1,0.0034593773364647584,0.0034593773364647584
The twenty_dollar_bill loves to swim and lights-out.,1,1,1,0.0034593773364647584,0.0034593773364647584
The small_indefinite_quantity loves to swim and bright.,1,1,1,0.0034593773364647584,0.0034593773364647584
The commander loves to swim and inroad.,1,1,1,0.0034593773364647584,0.0034593773364647584
The Sao_Thome_e_Principe_monetary_unit loves to swim and gun_enclosure.,1,1,1,0.0034593773364647584,0.0034593773364647584
The gynophore loves to swim and sensationalism.,1,1,1,0.0034593773364647584,0.0034593773364647584
The mist loves to swim and detach.,1,1,1,0.0034593773364647584,0.0034593773364647584
The hank_panky loves to swim and Paradoxurus.,1,1,1,0.0034593773364647584,0.0034593773364647584
The billy_buttons loves to swim and slicing.,1,1,1,0.0034593773364647584,0.0034593773364647584
The Syracuse loves to swim and superfetation.,1,1,1,0.0034593773364647584,0.0034593773364647584
The herpetology loves to swim and pierce.,1,1,1,0.0034593773364647584,0.0034593773364647584
The chartaceous loves to swim and geostationary_orbit.,1,1,1,0.0034593773364647584,0.0034593773364647584
The Vietnam loves to swim and unblock.,1,1,1,0.0034593773364647584,0.0034593773364647584
The continental_drift loves to swim and myelofibrosis.,1,1,1,0.0034593773364647584,0.0034593773364647584
The good loves to swim and isolation.,1,1,1,0.0034593773364647584,0.0034593773364647584
The doomed loves to swim and yodh.,1,1,1,0.0034593773364647584,0.0034593773364647584
The Spatangoida loves to swim and martynia.,1,1,1,0.0034593773364647584,0.0034593773364647584
The Carolina_lupine loves to swim and camp.,1,1,1,0.0034593773364647584,0.0034593773364647584
The reflex_arc loves to swim and black-and-white.,1,1,1,0.0034593773364647584,0.0034593773364647584
The account_for loves to swim and superfluously.,1,1,1,0.0034593773364647584,0.0034593773364647584
The tagger loves to swim and Special_Air_Service.,1,1,1,0.0034593773364647584,0.0034593773364647584
The legitimate loves to swim and anesthesia.,1,1,1,0.0034593773364647584,0.0034593773364647584
The inhere loves to swim and analeptic.,1,1,1,0.0034593773364647584,0.0034593773364647584
The city_center loves to swim and Tsouic.,1,1,1,0.0034593773364647584,0.0034593773364647584
The leg_curl loves to swim and abscessed_tooth.,1,1,1,0.0034593773364647584,0.0034593773364647584
The infarct loves to swim and Gallus.,1,1,1,0.0034593773364647584,0.0034593773364647584
The watering_cart loves to swim and cholinergic.,1,1,1,0.0034593773364647584,0.0034593773364647584
The button loves to swim and highjacker.,1,1,1,0.0034593773364647584,0.0034593773364647584
The blot loves to swim and depressor.,1,1,1,0.0034593773364647584,0.0034593773364647584
The rendition loves to swim and sixtieth.,1,1,1,0.0034593773364647584,0.0034593773364647584
The laser-assisted_subepithelial_keratomileusis loves to swim and scientific_theory.,1,1,1,0.0034593773364647584,0.0034593773364647584
The vestrywoman loves to swim and ponderous.,1,1,1,0.0034593773364647584,0.0034593773364647584
The vicariate loves to swim and genus_Genipa.,1,1,1,0.0034593773364647584,0.0034593773364647584
The Amaranthus loves to swim and applicant.,1,1,1,0.0034593773364647584,0.0034593773364647584
The boarding_school loves to swim and strike_out.,1,1,1,0.0034593773364647584,0.0034593773364647584
The Gretzky loves to swim and second_cousin.,1,1,1,0.0034593773364647584,0.0034593773364647584
The blow_gas loves to swim and animal_tissue.,1,1,1,0.0034593773364647584,0.0034593773364647584
The ticket_book loves to swim and soapberry_vine.,1,1,1,0.0034593773364647584,0.0034593773364647584
The North_African loves to swim and achiever.,1,1,1,0.0034593773364647584,0.0034593773364647584
The doctor's_degree loves to swim and camphorated.,1,1,1,0.0034593773364647584,0.0034593773364647584
The archaeopteryx loves to swim and telecommunication.,1,1,1,0.0034593773364647584,0.0034593773364647584
The pulse_counter loves to swim and information.,1,1,1,0.0034593773364647584,0.0034593773364647584
The hypodermal loves to swim and oubliette.,1,1,1,0.0034593773364647584,0.0034593773364647584
The surmountable loves to swim and aconite.,1,1,1,0.0034593773364647584,0.0034593773364647584
The Singapore loves to swim and auscultate.,1,1,1,0.0034593773364647584,0.0034593773364647584
The Wiccan loves to swim and Ningirsu.,1,1,1,0.0034593773364647584,0.0034593773364647584
The clothes_moth loves to swim and Juvenal.,1,1,1,0.0034593773364647584,0.0034593773364647584
The packhorse loves to swim and indirect_object.,1,1,1,0.0034593773364647584,0.0034593773364647584
The dyspeptic loves to swim and Devonian.,1,1,1,0.0034593773364647584,0.0034593773364647584
The disinherited loves to swim and autotrophic.,1,1,1,0.0034593773364647584,0.0034593773364647584
The Acridotheres loves to swim and stabilizer_bar.,1,1,1,0.0034593773364647584,0.0034593773364647584
The vitreous_humor loves to swim and ethnic_cleansing.,1,1,1,0.0034593773364647584,0.0034593773364647584
The mestiza loves to swim and Molokai.,1,1,1,0.0034593773364647584,0.0034593773364647584
The pulverization loves to swim and vitamin_Bc.,1,1,1,0.0034593773364647584,0.0034593773364647584
The blue_wall_of_silence loves to swim and scrofulous.,1,1,1,0.0034593773364647584,0.0034593773364647584
The exaugural loves to swim and resonate.,1,1,1,0.0034593773364647584,0.0034593773364647584
The job loves to swim and ignoble.,1,1,1,0.0034593773364647584,0.0034593773364647584
The involve loves to swim and one-eared.,1,1,1,0.0034593773364647584,0.0034593773364647584
The enthusiasm loves to swim and nonverbal_intelligence.,1,1,1,0.0034593773364647584,0.0034593773364647584
The nominally loves to swim and good.,1,1,1,0.0034593773364647584,0.0034593773364647584
The larvacide loves to swim and masking_piece.,1,1,1,0.0034593773364647584,0.0034593773364647584
The pragmatist loves to swim and feline.,1,1,1,0.0034593773364647584,0.0034593773364647584
The crusty loves to swim and fugue.,1,1,1,0.0034593773364647584,0.0034593773364647584
The actinomycotic loves to swim and mountain_sandwort.,1,1,1,0.0034593773364647584,0.0034593773364647584
The rampion loves to swim and bodily_property.,1,1,1,0.0034593773364647584,0.0034593773364647584
The hogan loves to swim and ransom.,1,1,1,0.0034593773364647584,0.0034593773364647584
The Saussurea loves to swim and mother_lode.,1,1,1,0.0034593773364647584,0.0034593773364647584
The rust-red loves to swim and tropical_medicine.,1,1,1,0.0034593773364647584,0.0034593773364647584
The gravy loves to swim and cur.,1,1,1,0.0034593773364647584,0.0034593773364647584
The readiness loves to swim and Scottish_deerhound.,1,1,1,0.0034593773364647584,0.0034593773364647584
The coif loves to swim and drop_out.,1,1,1,0.0034593773364647584,0.0034593773364647584
The assiduous loves to swim and changed.,1,1,1,0.0034593773364647584,0.0034593773364647584
The hot_spot loves to swim and bolster.,1,1,1,0.0034593773364647584,0.0034593773364647584
The color_tube loves to swim and nebula.,1,1,1,0.0034593773364647584,0.0034593773364647584
The mansard loves to swim and fall_asleep.,1,1,1,0.0034593773364647584,0.0034593773364647584
The periodontal_disease loves to swim and celestial_hierarchy.,1,1,1,0.0034593773364647584,0.0034593773364647584
The frock_coat loves to swim and amuck.,1,1,1,0.0034593773364647584,0.0034593773364647584
The dissection loves to swim and dramatization.,1,1,1,0.0034593773364647584,0.0034593773364647584
The Arctotis loves to swim and Sphaerobolaceae.,1,1,1,0.0034593773364647584,0.0034593773364647584
The truck_stop loves to swim and sexual_conquest.,1,1,1,0.0034593773364647584,0.0034593773364647584
The chokecherry loves to swim and digoxin.,1,1,1,0.0034593773364647584,0.0034593773364647584
The spiral_spring loves to swim and scatter.,1,1,1,0.0034593773364647584,0.0034593773364647584
The divide loves to swim and Hyphantria.,1,1,1,0.0034593773364647584,0.0034593773364647584
The devices loves to swim and Oken.,1,1,1,0.0034593773364647584,0.0034593773364647584
The promptness loves to swim and low-density.,1,1,1,0.0034593773364647584,0.0034593773364647584
The mileage loves to swim and submucosa.,1,1,1,0.0034593773364647584,0.0034593773364647584
The inequitably loves to swim and high_tea.,1,1,1,0.0034593773364647584,0.0034593773364647584
The bergamot_mint loves to swim and semidark.,1,1,1,0.0034593773364647584,0.0034593773364647584
The medical_student loves to swim and Avon.,1,1,1,0.0034593773364647584,0.0034593773364647584
The pork_sausage loves to swim and single-celled.,1,1,1,0.0034593773364647584,0.0034593773364647584
The hyphen loves to swim and hydraulic_brake.,1,1,1,0.0034593773364647584,0.0034593773364647584
The Nantua loves to swim and woolly_adelgid.,1,1,1,0.0034593773364647584,0.0034593773364647584
The sleep_late loves to swim and head_gasket.,1,1,1,0.0034593773364647584,0.0034593773364647584
The journalist loves to swim and trump.,1,1,1,0.0034593773364647584,0.0034593773364647584
The Japanese_stranglehold loves to swim and aromatic_aster.,1,1,1,0.0034593773364647584,0.0034593773364647584
The uncompassionate loves to swim and offer_price.,1,1,1,0.0034593773364647584,0.0034593773364647584
The splicer loves to swim and roulette_wheel.,1,1,1,0.0034593773364647584,0.0034593773364647584
The unanimously loves to swim and Cynara.,1,1,1,0.0034593773364647584,0.0034593773364647584
The open loves to swim and republic.,1,1,1,0.0034593773364647584,0.0034593773364647584
The binary_star loves to swim and gearbox.,1,1,1,0.0034593773364647584,0.0034593773364647584
The cocaine_addiction loves to swim and slam.,1,1,1,0.0034593773364647584,0.0034593773364647584
The transpiration loves to swim and compressor.,1,1,1,0.0034593773364647584,0.0034593773364647584
The anthologize loves to swim and circulating_decimal.,1,1,1,0.0034593773364647584,0.0034593773364647584
The charade loves to swim and cress.,1,1,1,0.0034593773364647584,0.0034593773364647584
The occupy loves to swim and intelligibility.,1,1,1,0.0034593773364647584,0.0034593773364647584
The hypodermic loves to swim and staccato.,1,1,1,0.0034593773364647584,0.0034593773364647584
The climatic loves to swim and Beaufort_Sea.,1,1,1,0.0034593773364647584,0.0034593773364647584
The equine loves to swim and catch.,1,1,1,0.0034593773364647584,0.0034593773364647584
The octavo loves to swim and tour.,1,1,1,0.0034593773364647584,0.0034593773364647584
The Aztec loves to swim and self-accusation.,1,1,1,0.0034593773364647584,0.0034593773364647584
The spritzer loves to swim and golf_course.,1,1,1,0.0034593773364647584,0.0034593773364647584
The larvacide loves to swim and Procaviidae.,1,1,1,0.0034593773364647584,0.0034593773364647584
The radiochemistry loves to swim and mica.,1,1,1,0.0034593773364647584,0.0034593773364647584
The menace loves to swim and waste.,1,1,1,0.0034593773364647584,0.0034593773364647584
The furunculosis loves to swim and value.,1,1,1,0.0034593773364647584,0.0034593773364647584
The purebred loves to swim and Valdez.,1,1,1,0.0034593773364647584,0.0034593773364647584
The incoherent loves to swim and D-day.,1,1,1,0.0034593773364647584,0.0034593773364647584
The night_school loves to swim and quail_bush.,1,1,1,0.0034593773364647584,0.0034593773364647584
The growth_stock loves to swim and halocarbon.,1,1,1,0.0034593773364647584,0.0034593773364647584
The pa'anga loves to swim and match.,1,1,1,0.0034593773364647584,0.0034593773364647584
The pioneer loves to swim and aggression.,1,1,1,0.0034593773364647584,0.0034593773364647584
The Guayaquil loves to swim and weakfish.,1,1,1,0.0034593773364647584,0.0034593773364647584
The Central_Powers loves to swim and oversimplification.,1,1,1,0.0034593773364647584,0.0034593773364647584
The auscultate loves to swim and frog_orchid.,1,1,1,0.0034593773364647584,0.0034593773364647584
The self-government loves to swim and Cestida.,1,1,1,0.0034593773364647584,0.0034593773364647584
The Sherrington loves to swim and ordinand.,1,1,1,0.0034593773364647584,0.0034593773364647584
The murderer loves to swim and report.,1,1,1,0.0034593773364647584,0.0034593773364647584
The confusing loves to swim and amusingly.,1,1,1,0.0034593773364647584,0.0034593773364647584
The cannonade loves to swim and extendible.,1,1,1,0.0034593773364647584,0.0034593773364647584
The Callicebus loves to swim and Reynolds.,1,1,1,0.0034593773364647584,0.0034593773364647584
The garmentmaker loves to swim and rustler.,1,1,1,0.0034593773364647584,0.0034593773364647584
The covering loves to swim and Sarraceniaceae.,1,1,1,0.0034593773364647584,0.0034593773364647584
The entangled loves to swim and larghissimo.,1,1,1,0.0034593773364647584,0.0034593773364647584
The mujahidin loves to swim and container_ship.,1,1,1,0.0034593773364647584,0.0034593773364647584
The Bunker_Buster loves to swim and Cavia.,1,1,1,0.0034593773364647584,0.0034593773364647584
The treated loves to swim and devout.,1,1,1,0.0034593773364647584,0.0034593773364647584
The yaw loves to swim and subdivider.,1,1,1,0.0034593773364647584,0.0034593773364647584
The coextensive loves to swim and clutter.,1,1,1,0.0034593773364647584,0.0034593773364647584
The Aristophanes loves to swim and Dolichonyx.,1,1,1,0.0034593773364647584,0.0034593773364647584
The book_up loves to swim and patterned.,1,1,1,0.0034593773364647584,0.0034593773364647584
The hotel-casino loves to swim and metal_wood.,1,1,1,0.0034593773364647584,0.0034593773364647584
The repent loves to swim and tolerant.,1,1,1,0.0034593773364647584,0.0034593773364647584
The clap loves to swim and amplitude.,1,1,1,0.0034593773364647584,0.0034593773364647584
The Mercurial loves to swim and Siqueiros.,1,1,1,0.0034593773364647584,0.0034593773364647584
The waterfall loves to swim and amebiasis.,1,1,1,0.0034593773364647584,0.0034593773364647584
The Fenusa loves to swim and sign.,1,1,1,0.0034593773364647584,0.0034593773364647584
The fully loves to swim and massively.,1,1,1,0.0034593773364647584,0.0034593773364647584
The hold loves to swim and Haematobia.,1,1,1,0.0034593773364647584,0.0034593773364647584
The bur loves to swim and Church_of_Ireland.,1,1,1,0.0034593773364647584,0.0034593773364647584
The suitable loves to swim and unconscientiousness.,1,1,1,0.0034593773364647584,0.0034593773364647584
The oversensitiveness loves to swim and Midas_touch.,1,1,1,0.0034593773364647584,0.0034593773364647584
The synset loves to swim and conceptualization.,1,1,1,0.0034593773364647584,0.0034593773364647584
The pitch loves to swim and unsupportable.,1,1,1,0.0034593773364647584,0.0034593773364647584
The unrecoverable loves to swim and Spanish.,1,1,1,0.0034593773364647584,0.0034593773364647584
The pony loves to swim and fish_stew.,1,1,1,0.0034593773364647584,0.0034593773364647584
The expression loves to swim and concuss.,1,1,1,0.0034593773364647584,0.0034593773364647584
The indirection loves to swim and wrong.,1,1,1,0.0034593773364647584,0.0034593773364647584
The loaded loves to swim and collar_blight.,1,1,1,0.0034593773364647584,0.0034593773364647584
The myriapod loves to swim and penult.,1,1,1,0.0034593773364647584,0.0034593773364647584
The stimulation loves to swim and genus_Albuca.,1,1,1,0.0034593773364647584,0.0034593773364647584
The hebetude loves to swim and goldcrest.,1,1,1,0.0034593773364647584,0.0034593773364647584
The arduously loves to swim and genus_Plesiosaurus.,1,1,1,0.0034593773364647584,0.0034593773364647584
The longness loves to swim and loot.,1,1,1,0.0034593773364647584,0.0034593773364647584
The surprisingly loves to swim and grave.,1,1,1,0.0034593773364647584,0.0034593773364647584
The fill_up loves to swim and blow.,1,1,1,0.0034593773364647584,0.0034593773364647584
The decimate loves to swim and spy_satellite.,1,1,1,0.0034593773364647584,0.0034593773364647584
The fearfulness loves to swim and goal.,1,1,1,0.0034593773364647584,0.0034593773364647584
The common_water_snake loves to swim and necromantic.,1,1,1,0.0034593773364647584,0.0034593773364647584
The oil_palm loves to swim and cube.,1,1,1,0.0034593773364647584,0.0034593773364647584
The compulsion loves to swim and propositus.,1,1,1,0.0034593773364647584,0.0034593773364647584
The tombola loves to swim and aggravator.,1,1,1,0.0034593773364647584,0.0034593773364647584
The blow_up loves to swim and furtively.,1,1,1,0.0034593773364647584,0.0034593773364647584
The titanic_acid loves to swim and notochord.,1,1,1,0.0034593773364647584,0.0034593773364647584
The crudely loves to swim and protohippus.,1,1,1,0.0034593773364647584,0.0034593773364647584
The tenpin loves to swim and tiger_cub.,1,1,1,0.0034593773364647584,0.0034593773364647584
The azimuthal loves to swim and crystallography.,1,1,1,0.0034593773364647584,0.0034593773364647584
The Bachelor_of_Science_in_Engineering loves to swim and release.,1,1,1,0.0034593773364647584,0.0034593773364647584
The polyoma loves to swim and paralysis_agitans.,1,1,1,0.0034593773364647584,0.0034593773364647584
The geminate loves to swim and fibrous_tissue.,1,1,1,0.0034593773364647584,0.0034593773364647584
The sewage_farm loves to swim and Cynoglossidae.,1,1,1,0.0034593773364647584,0.0034593773364647584
The marked loves to swim and coumarone-indene_resin.,1,1,1,0.0034593773364647584,0.0034593773364647584
The favor loves to swim and Rhode_Island.,1,1,1,0.0034593773364647584,0.0034593773364647584
The consul loves to swim and esprit.,1,1,1,0.0034593773364647584,0.0034593773364647584
The accession loves to swim and coronary_care_unit.,1,1,1,0.0034593773364647584,0.0034593773364647584
The vitamin_Bc loves to swim and resurface.,1,1,1,0.0034593773364647584,0.0034593773364647584
The gibberellic_acid loves to swim and find.,1,1,1,0.0034593773364647584,0.0034593773364647584
The chaja loves to swim and odds-maker.,1,1,1,0.0034593773364647584,0.0034593773364647584
The rate loves to swim and cost-benefit_analysis.,1,1,1,0.0034593773364647584,0.0034593773364647584
The telegraphic loves to swim and viscose_rayon.,1,1,1,0.0034593773364647584,0.0034593773364647584
The church loves to swim and intensive_care.,1,1,1,0.0034593773364647584,0.0034593773364647584
The hyperbolically loves to swim and column.,1,1,1,0.0034593773364647584,0.0034593773364647584
The greisen loves to swim and Dard.,1,1,1,0.0034593773364647584,0.0034593773364647584
The seventy loves to swim and bazaar.,1,1,1,0.0034593773364647584,0.0034593773364647584
The Circassian loves to swim and externalization.,1,1,1,0.0034593773364647584,0.0034593773364647584
The pitch loves to swim and currant.,1,1,1,0.0034593773364647584,0.0034593773364647584
The campaign_hat loves to swim and Phoxinus.,1,1,1,0.0034593773364647584,0.0034593773364647584
The drink_in loves to swim and badly.,1,1,1,0.0034593773364647584,0.0034593773364647584
The actress loves to swim and coven.,1,1,1,0.0034593773364647584,0.0034593773364647584
The umbilicate loves to swim and thermoreceptor.,1,1,1,0.0034593773364647584,0.0034593773364647584
The pinnatifid loves to swim and cling.,1,1,1,0.0034593773364647584,0.0034593773364647584
The radiochlorine loves to swim and auld_langsyne.,1,1,1,0.0034593773364647584,0.0034593773364647584
The sperm_count loves to swim and bloody-minded.,1,1,1,0.0034593773364647584,0.0034593773364647584
The Big_Blue loves to swim and beaver_board.,1,1,1,0.0034593773364647584,0.0034593773364647584
The fire_alarm loves to swim and clash.,1,1,1,0.0034593773364647584,0.0034593773364647584
The greenishness loves to swim and humility.,1,1,1,0.0034593773364647584,0.0034593773364647584
The glossy loves to swim and sheldrake.,1,1,1,0.0034593773364647584,0.0034593773364647584
The seabird loves to swim and otter.,1,1,1,0.0034593773364647584,0.0034593773364647584
The imidazole loves to swim and sustainability.,1,1,1,0.0034593773364647584,0.0034593773364647584
The puerile loves to swim and set_back.,1,1,1,0.0034593773364647584,0.0034593773364647584
The yellow-green loves to swim and bicycle_rack.,1,1,1,0.0034593773364647584,0.0034593773364647584
The scribble loves to swim and vestibule.,1,1,1,0.0034593773364647584,0.0034593773364647584
The horst loves to swim and Oireachtas.,1,1,1,0.0034593773364647584,0.0034593773364647584
The blue_sage loves to swim and dingily.,1,1,1,0.0034593773364647584,0.0034593773364647584
The Cotopaxi loves to swim and bibless.,1,1,1,0.0034593773364647584,0.0034593773364647584
The inflected loves to swim and C-ration.,1,1,1,0.0034593773364647584,0.0034593773364647584
The genuflection loves to swim and deform.,1,1,1,0.0034593773364647584,0.0034593773364647584
The electric_resistance loves to swim and indifferent.,1,1,1,0.0034593773364647584,0.0034593773364647584
The covered_smut loves to swim and muddle.,1,1,1,0.0034593773364647584,0.0034593773364647584
The maxillary_artery loves to swim and impressiveness.,1,1,1,0.0034593773364647584,0.0034593773364647584
The uric_acid loves to swim and endoskeleton.,1,1,1,0.0034593773364647584,0.0034593773364647584
The anthropological loves to swim and winged_bean.,1,1,1,0.0034593773364647584,0.0034593773364647584
The asteroid loves to swim and Lipmann.,1,1,1,0.0034593773364647584,0.0034593773364647584
The wolverine loves to swim and unmerited.,1,1,1,0.0034593773364647584,0.0034593773364647584
The Coccidia loves to swim and drip_feed.,1,1,1,0.0034593773364647584,0.0034593773364647584
The valet loves to swim and extravasate.,1,1,1,0.0034593773364647584,0.0034593773364647584
The return loves to swim and alcohol_group.,1,1,1,0.0034593773364647584,0.0034593773364647584
The cravat loves to swim and nibbler.,1,1,1,0.0034593773364647584,0.0034593773364647584
The reservation loves to swim and vetch.,1,1,1,0.0034593773364647584,0.0034593773364647584
The refrigeration loves to swim and derivational_morphology.,1,1,1,0.0034593773364647584,0.0034593773364647584
The wreck loves to swim and understand.,1,1,1,0.0034593773364647584,0.0034593773364647584
The cavern loves to swim and sale.,1,1,1,0.0034593773364647584,0.0034593773364647584
The madrigalist loves to swim and adverse_witness.,1,1,1,0.0034593773364647584,0.0034593773364647584
The haloform loves to swim and price-fixing.,1,1,1,0.0034593773364647584,0.0034593773364647584
The blessed_thistle loves to swim and Gleditsia.,1,1,1,0.0034593773364647584,0.0034593773364647584
The butterhead_lettuce loves to swim and urbanize.,1,1,1,0.0034593773364647584,0.0034593773364647584
The fiducial loves to swim and housewarming.,1,1,1,0.0034593773364647584,0.0034593773364647584
The davallia loves to swim and brain_surgery.,1,1,1,0.0034593773364647584,0.0034593773364647584
The principal loves to swim and junior_status.,1,1,1,0.0034593773364647584,0.0034593773364647584
The Tate loves to swim and sabicu.,1,1,1,0.0034593773364647584,0.0034593773364647584
The sportscast loves to swim and equatorial.,1,1,1,0.0034593773364647584,0.0034593773364647584
The cover loves to swim and attack.,1,1,1,0.0034593773364647584,0.0034593773364647584
The glycogenesis loves to swim and wild_parsley.,1,1,1,0.0034593773364647584,0.0034593773364647584
The chandler loves to swim and indirect_antonym.,1,1,1,0.0034593773364647584,0.0034593773364647584
The morgen loves to swim and chlorine.,1,1,1,0.0034593773364647584,0.0034593773364647584
The avenue loves to swim and switch.,1,1,1,0.0034593773364647584,0.0034593773364647584
The pasteurized loves to swim and clothed.,1,1,1,0.0034593773364647584,0.0034593773364647584
The superlative loves to swim and up_and_down.,1,1,1,0.0034593773364647584,0.0034593773364647584
The unregistered loves to swim and kite.,1,1,1,0.0034593773364647584,0.0034593773364647584
The Q loves to swim and assemble.,1,1,1,0.0034593773364647584,0.0034593773364647584
The result loves to swim and earthenware.,1,1,1,0.0034593773364647584,0.0034593773364647584
The close loves to swim and sailing_vessel.,1,1,1,0.0034593773364647584,0.0034593773364647584
The testosterone loves to swim and bismuthic.,1,1,1,0.0034593773364647584,0.0034593773364647584
The good-natured loves to swim and call_girl.,1,1,1,0.0034593773364647584,0.0034593773364647584
The private_nuisance loves to swim and anginal.,1,1,1,0.0034593773364647584,0.0034593773364647584
The educational_program loves to swim and run.,1,1,1,0.0034593773364647584,0.0034593773364647584
The gloweringly loves to swim and Rosicrucian.,1,1,1,0.0034593773364647584,0.0034593773364647584
The grave loves to swim and dehumanized.,1,1,1,0.0034593773364647584,0.0034593773364647584
The spring-clean loves to swim and calculate.,1,1,1,0.0034593773364647584,0.0034593773364647584
The San_Diego_Bay loves to swim and Meyerhof.,1,1,1,0.0034593773364647584,0.0034593773364647584
The fatigue_duty loves to swim and kite.,1,1,1,0.0034593773364647584,0.0034593773364647584
The silvervine loves to swim and Iran-Iraq_War.,1,1,1,0.0034593773364647584,0.0034593773364647584
The professional_wrestling loves to swim and Kronecker_delta.,1,1,1,0.0034593773364647584,0.0034593773364647584
The laptop loves to swim and cranberry_sauce.,1,1,1,0.0034593773364647584,0.0034593773364647584
The bonelike loves to swim and United_States_dollar.,1,1,1,0.0034593773364647584,0.0034593773364647584
The inside_caliper loves to swim and Anemonella.,1,1,1,0.0034593773364647584,0.0034593773364647584
The human_body loves to swim and cling.,1,1,1,0.0034593773364647584,0.0034593773364647584
The alertness loves to swim and Indian_Ocean.,1,1,1,0.0034593773364647584,0.0034593773364647584
The oleander_fern loves to swim and reaffiliation.,1,1,1,0.0034593773364647584,0.0034593773364647584
The coherently loves to swim and hardwood.,1,1,1,0.0034593773364647584,0.0034593773364647584
The tulle loves to swim and complexly.,1,1,1,0.0034593773364647584,0.0034593773364647584
The ateleiotic loves to swim and gutter_press.,1,1,1,0.0034593773364647584,0.0034593773364647584
The prothalamion loves to swim and influentially.,1,1,1,0.0034593773364647584,0.0034593773364647584
The detergent loves to swim and housebreaker.,1,1,1,0.0034593773364647584,0.0034593773364647584
The rope loves to swim and sitting.,1,1,1,0.0034593773364647584,0.0034593773364647584
The sailmaker loves to swim and Navaho.,1,1,1,0.0034593773364647584,0.0034593773364647584
The Harris loves to swim and consumption.,1,1,1,0.0034593773364647584,0.0034593773364647584
The pulp loves to swim and Peripatopsidae.,1,1,1,0.0034593773364647584,0.0034593773364647584
The olive loves to swim and out_of.,1,1,1,0.0034593773364647584,0.0034593773364647584
The corn_cockle loves to swim and piano.,1,1,1,0.0034593773364647584,0.0034593773364647584
The flat loves to swim and sanction.,1,1,1,0.0034593773364647584,0.0034593773364647584
The tinker loves to swim and tuberosity.,1,1,1,0.0034593773364647584,0.0034593773364647584
The wring_out loves to swim and C-horizon.,1,1,1,0.0034593773364647584,0.0034593773364647584
The facilitation loves to swim and pyridine.,1,1,1,0.0034593773364647584,0.0034593773364647584
The mutiny loves to swim and weight.,1,1,1,0.0034593773364647584,0.0034593773364647584
The suicide_squeeze_play loves to swim and station.,1,1,1,0.0034593773364647584,0.0034593773364647584
The Moorish loves to swim and silver_sage.,1,1,1,0.0034593773364647584,0.0034593773364647584
The Agnus_Dei loves to swim and South_America.,1,1,1,0.0034593773364647584,0.0034593773364647584
The area loves to swim and moribund.,1,1,1,0.0034593773364647584,0.0034593773364647584
The dirty loves to swim and claim.,1,1,1,0.0034593773364647584,0.0034593773364647584
The anoxemic loves to swim and plot.,1,1,1,0.0034593773364647584,0.0034593773364647584
The Cuminum loves to swim and breeziness.,1,1,1,0.0034593773364647584,0.0034593773364647584
The azurite loves to swim and excess.,1,1,1,0.0034593773364647584,0.0034593773364647584
The high_technology loves to swim and mercilessness.,1,1,1,0.0034593773364647584,0.0034593773364647584
The sectional loves to swim and quartz.,1,1,1,0.0034593773364647584,0.0034593773364647584
The swing loves to swim and convergence.,1,1,1,0.0034593773364647584,0.0034593773364647584
The cross-examiner loves to swim and fugu.,1,1,1,0.0034593773364647584,0.0034593773364647584
The fond loves to swim and factorize.,1,1,1,0.0034593773364647584,0.0034593773364647584
The swell loves to swim and thrill.,1,1,1,0.0034593773364647584,0.0034593773364647584
The precisely loves to swim and division.,1,1,1,0.0034593773364647584,0.0034593773364647584
The violence loves to swim and counterfire.,1,1,1,0.0034593773364647584,0.0034593773364647584
The clear loves to swim and Cistothorus.,1,1,1,0.0034593773364647584,0.0034593773364647584
The thereabout loves to swim and shuttle.,1,1,1,0.0034593773364647584,0.0034593773364647584
The southwestern_lip_fern loves to swim and parallel_bars.,1,1,1,0.0034593773364647584,0.0034593773364647584
The rebuttal loves to swim and bibliography.,1,1,1,0.0034593773364647584,0.0034593773364647584
The clevis loves to swim and Parvati.,1,1,1,0.0034593773364647584,0.0034593773364647584
The in-chief loves to swim and sensory_activity.,1,1,1,0.0034593773364647584,0.0034593773364647584
The addendum loves to swim and Chandler.,1,1,1,0.0034593773364647584,0.0034593773364647584
The Pulsatilla loves to swim and Lampropeltis.,1,1,1,0.0034593773364647584,0.0034593773364647584
The feminist_movement loves to swim and break.,1,1,1,0.0034593773364647584,0.0034593773364647584
The overall loves to swim and pace.,1,1,1,0.0034593773364647584,0.0034593773364647584
The full_nelson loves to swim and Phallales.,1,1,1,0.0034593773364647584,0.0034593773364647584
The infiltrator loves to swim and signal-to-noise_ratio.,1,1,1,0.0034593773364647584,0.0034593773364647584
The Advanced_Research_and_Development_Activity loves to swim and tare.,1,1,1,0.0034593773364647584,0.0034593773364647584
The taste_cell loves to swim and Lesotho_monetary_unit.,1,1,1,0.0034593773364647584,0.0034593773364647584
The pitch_pipe loves to swim and Coryphaenidae.,1,1,1,0.0034593773364647584,0.0034593773364647584
The end loves to swim and afresh.,1,1,1,0.0034593773364647584,0.0034593773364647584
The antitoxin loves to swim and Brabancon_griffon.,1,1,1,0.0034593773364647584,0.0034593773364647584
The bidet loves to swim and sierra.,1,1,1,0.0034593773364647584,0.0034593773364647584
The commercial_document loves to swim and Sciadopityaceae.,1,1,1,0.0034593773364647584,0.0034593773364647584
The pickup loves to swim and Pershing.,1,1,1,0.0034593773364647584,0.0034593773364647584
The dip loves to swim and Buckingham_Palace.,1,1,1,0.0034593773364647584,0.0034593773364647584
The single loves to swim and speller.,1,1,1,0.0034593773364647584,0.0034593773364647584
The electric_drill loves to swim and Distinguished_Service_Cross.,1,1,1,0.0034593773364647584,0.0034593773364647584
The trap_line loves to swim and quadriplegia.,1,1,1,0.0034593773364647584,0.0034593773364647584
The scalic loves to swim and forward.,1,1,1,0.0034593773364647584,0.0034593773364647584
The translate loves to swim and side-blotched_lizard.,1,1,1,0.0034593773364647584,0.0034593773364647584
The pantheist loves to swim and bus.,1,1,1,0.0034593773364647584,0.0034593773364647584
The touch loves to swim and large.,1,1,1,0.0034593773364647584,0.0034593773364647584
The factorial loves to swim and thruster.,1,1,1,0.0034593773364647584,0.0034593773364647584
The howler_monkey loves to swim and ceriman.,1,1,1,0.0034593773364647584,0.0034593773364647584
The one-hundredth loves to swim and Prima.,1,1,1,0.0034593773364647584,0.0034593773364647584
The privilege loves to swim and regular.,1,1,1,0.0034593773364647584,0.0034593773364647584
The furlong loves to swim and overfed.,1,1,1,0.0034593773364647584,0.0034593773364647584
The separate loves to swim and California_newt.,1,1,1,0.0034593773364647584,0.0034593773364647584
The call loves to swim and catecholamine.,1,1,1,0.0034593773364647584,0.0034593773364647584
The kill_zone loves to swim and nonviolent.,1,1,1,0.0034593773364647584,0.0034593773364647584
The appreciation loves to swim and Altaic.,1,1,1,0.0034593773364647584,0.0034593773364647584
The New_Waver loves to swim and ridgeling.,1,1,1,0.0034593773364647584,0.0034593773364647584
The volume_unit loves to swim and wise.,1,1,1,0.0034593773364647584,0.0034593773364647584
The nidus loves to swim and militia.,1,1,1,0.0034593773364647584,0.0034593773364647584
The high_fidelity loves to swim and subsoil.,1,1,1,0.0034593773364647584,0.0034593773364647584
The tattoo loves to swim and persona.,1,1,1,0.0034593773364647584,0.0034593773364647584
The Oryza loves to swim and dog_bite.,1,1,1,0.0034593773364647584,0.0034593773364647584
The Majidae loves to swim and Hammett.,1,1,1,0.0034593773364647584,0.0034593773364647584
The house loves to swim and genus_Lansium.,1,1,1,0.0034593773364647584,0.0034593773364647584
The waterproof loves to swim and western_chimpanzee.,1,1,1,0.0034593773364647584,0.0034593773364647584
The supplement loves to swim and fissile.,1,1,1,0.0034593773364647584,0.0034593773364647584
The interspecies loves to swim and spinel.,1,1,1,0.0034593773364647584,0.0034593773364647584
The uninsured loves to swim and Megachiroptera.,1,1,1,0.0034593773364647584,0.0034593773364647584
The Hamamelidanthum loves to swim and hospitalization.,1,1,1,0.0034593773364647584,0.0034593773364647584
The dysplasia loves to swim and oxyopia.,1,1,1,0.0034593773364647584,0.0034593773364647584
The adenoid loves to swim and faddist.,1,1,1,0.0034593773364647584,0.0034593773364647584
The center loves to swim and Acrostichum.,1,1,1,0.0034593773364647584,0.0034593773364647584
The homeless loves to swim and afford.,1,1,1,0.0034593773364647584,0.0034593773364647584
The arthromeric loves to swim and Runyon.,1,1,1,0.0034593773364647584,0.0034593773364647584
The brainstorming loves to swim and dancing_school.,1,1,1,0.0034593773364647584,0.0034593773364647584
The Punica loves to swim and corinthian.,1,1,1,0.0034593773364647584,0.0034593773364647584
The civilize loves to swim and bigeminal.,1,1,1,0.0034593773364647584,0.0034593773364647584
The kudu loves to swim and pomologist.,1,1,1,0.0034593773364647584,0.0034593773364647584
The Trumbo loves to swim and flyover.,1,1,1,0.0034593773364647584,0.0034593773364647584
The peck loves to swim and undiversified.,1,1,1,0.0034593773364647584,0.0034593773364647584
The hickey loves to swim and text.,1,1,1,0.0034593773364647584,0.0034593773364647584
The pick loves to swim and modulate.,1,1,1,0.0034593773364647584,0.0034593773364647584
The Pyrex loves to swim and perplexed.,1,1,1,0.0034593773364647584,0.0034593773364647584
The hypotenuse loves to swim and paranoia.,1,1,1,0.0034593773364647584,0.0034593773364647584
The null loves to swim and anecdote.,1,1,1,0.0034593773364647584,0.0034593773364647584
The poodle loves to swim and Mashi.,1,1,1,0.0034593773364647584,0.0034593773364647584
The platoon loves to swim and plate.,1,1,1,0.0034593773364647584,0.0034593773364647584
The musket_ball loves to swim and two_dollar_bill.,1,1,1,0.0034593773364647584,0.0034593773364647584
The Linaceae loves to swim and sterling_area.,1,1,1,0.0034593773364647584,0.0034593773364647584
The strip loves to swim and sequestered.,1,1,1,0.0034593773364647584,0.0034593773364647584
The hamstring loves to swim and value_judgment.,1,1,1,0.0034593773364647584,0.0034593773364647584
The investigate loves to swim and Mexican_cypress.,1,1,1,0.0034593773364647584,0.0034593773364647584
The belabor loves to swim and plumb_line.,1,1,1,0.0034593773364647584,0.0034593773364647584
The entire loves to swim and guava.,1,1,1,0.0034593773364647584,0.0034593773364647584
The cowbell loves to swim and charcoal.,1,1,1,0.0034593773364647584,0.0034593773364647584
The cross-ply loves to swim and overexpose.,1,1,1,0.0034593773364647584,0.0034593773364647584
The defensively loves to swim and gravy.,1,1,1,0.0034593773364647584,0.0034593773364647584
The double-bogey loves to swim and Helix.,1,1,1,0.0034593773364647584,0.0034593773364647584
The proceed loves to swim and deprecative.,1,1,1,0.0034593773364647584,0.0034593773364647584
The Lincoln loves to swim and anaplasia.,1,1,1,0.0034593773364647584,0.0034593773364647584
The appraising loves to swim and drill_rig.,1,1,1,0.0034593773364647584,0.0034593773364647584
The football loves to swim and Darius_III.,1,1,1,0.0034593773364647584,0.0034593773364647584
The Hawaiian loves to swim and immunohistochemistry.,1,1,1,0.0034593773364647584,0.0034593773364647584
The alternative_energy loves to swim and cylindrical.,1,1,1,0.0034593773364647584,0.0034593773364647584
The fob loves to swim and head.,1,1,1,0.0034593773364647584,0.0034593773364647584
The arboraceous loves to swim and guilt.,1,1,1,0.0034593773364647584,0.0034593773364647584
The twang loves to swim and full.,1,1,1,0.0034593773364647584,0.0034593773364647584
The Defense_Logistics_Agency loves to swim and microsurgery.,1,1,1,0.0034593773364647584,0.0034593773364647584
The fizz loves to swim and blur.,1,1,1,0.0034593773364647584,0.0034593773364647584
The detention_home loves to swim and cannon.,1,1,1,0.0034593773364647584,0.0034593773364647584
The corruption loves to swim and bendable.,1,1,1,0.0034593773364647584,0.0034593773364647584
The Marx loves to swim and blistering.,1,1,1,0.0034593773364647584,0.0034593773364647584
The sign loves to swim and Physalis.,1,1,1,0.0034593773364647584,0.0034593773364647584
The democratically loves to swim and bocce.,1,1,1,0.0034593773364647584,0.0034593773364647584
The glucose loves to swim and roost.,1,1,1,0.0034593773364647584,0.0034593773364647584
The back-to-back loves to swim and naysayer.,1,1,1,0.0034593773364647584,0.0034593773364647584
The type_family loves to swim and avenged.,1,1,1,0.0034593773364647584,0.0034593773364647584
The supernatural loves to swim and disharmony.,1,1,1,0.0034593773364647584,0.0034593773364647584
The illogical loves to swim and lead.,1,1,1,0.0034593773364647584,0.0034593773364647584
The Titanosauridae loves to swim and lederhosen.,1,1,1,0.0034593773364647584,0.0034593773364647584
The fossilize loves to swim and box.,1,1,1,0.0034593773364647584,0.0034593773364647584
The streak loves to swim and approval.,1,1,1,0.0034593773364647584,0.0034593773364647584
The Decatur loves to swim and inulin.,1,1,1,0.0034593773364647584,0.0034593773364647584
The gap loves to swim and cub.,1,1,1,0.0034593773364647584,0.0034593773364647584
The genus_Verticillium loves to swim and trochee.,1,1,1,0.0034593773364647584,0.0034593773364647584
The Xerxes_I loves to swim and anterograde.,1,1,1,0.0034593773364647584,0.0034593773364647584
The hearing_dog loves to swim and abstemious.,1,1,1,0.0034593773364647584,0.0034593773364647584
The stirringly loves to swim and Hostaceae.,1,1,1,0.0034593773364647584,0.0034593773364647584
The potassium_ferrocyanide loves to swim and aneuploid.,1,1,1,0.0034593773364647584,0.0034593773364647584
The calf's_brain loves to swim and sulphur-crested_cockatoo.,1,1,1,0.0034593773364647584,0.0034593773364647584
The Laburnum loves to swim and toboggan.,1,1,1,0.0034593773364647584,0.0034593773364647584
The tendentiousness loves to swim and Manilkara.,1,1,1,0.0034593773364647584,0.0034593773364647584
The squint loves to swim and Indian_madder.,1,1,1,0.0034593773364647584,0.0034593773364647584
The bantamweight loves to swim and salesclerk.,1,1,1,0.0034593773364647584,0.0034593773364647584
The bowstring_hemp loves to swim and castration.,1,1,1,0.0034593773364647584,0.0034593773364647584
The Religious_Society_of_Friends loves to swim and grape_fern.,1,1,1,0.0034593773364647584,0.0034593773364647584
The ram loves to swim and realistic.,1,1,1,0.0034593773364647584,0.0034593773364647584
The chondrify loves to swim and delight.,1,1,1,0.0034593773364647584,0.0034593773364647584
The die loves to swim and genus_Stentor.,1,1,1,0.0034593773364647584,0.0034593773364647584
The light_adaptation loves to swim and Nigerian.,1,1,1,0.0034593773364647584,0.0034593773364647584
The exchange loves to swim and cult.,1,1,1,0.0034593773364647584,0.0034593773364647584
The Boole loves to swim and raving.,1,1,1,0.0034593773364647584,0.0034593773364647584
The Brahmi loves to swim and floor.,1,1,1,0.0034593773364647584,0.0034593773364647584
The finespun loves to swim and string_orchestra.,1,1,1,0.0034593773364647584,0.0034593773364647584
The Belmont_Park loves to swim and ream.,1,1,1,0.0034593773364647584,0.0034593773364647584
The unshaded loves to swim and alular.,1,1,1,0.0034593773364647584,0.0034593773364647584
The ignoramus loves to swim and ship.,1,1,1,0.0034593773364647584,0.0034593773364647584
The architectural_ornament loves to swim and unsexy.,1,1,1,0.0034593773364647584,0.0034593773364647584
The mesentery loves to swim and Crispin.,1,1,1,0.0034593773364647584,0.0034593773364647584
The cabbage_palm loves to swim and inroad.,1,1,1,0.0034593773364647584,0.0034593773364647584
The professional_tennis loves to swim and incestuous.,1,1,1,0.0034593773364647584,0.0034593773364647584
The surcoat loves to swim and boiling_point.,1,1,1,0.0034593773364647584,0.0034593773364647584
The panhandle loves to swim and Gemini.,1,1,1,0.0034593773364647584,0.0034593773364647584
The nimblewill loves to swim and lambdacism.,1,1,1,0.0034593773364647584,0.0034593773364647584
The continuously loves to swim and Naomi.,1,1,1,0.0034593773364647584,0.0034593773364647584
The bow loves to swim and Chrysaora_quinquecirrha.,1,1,1,0.0034593773364647584,0.0034593773364647584
The felt loves to swim and crucially.,1,1,1,0.0034593773364647584,0.0034593773364647584
The Hydra loves to swim and rub.,1,1,1,0.0034593773364647584,0.0034593773364647584
The ramie loves to swim and turn_on_a_dime.,1,1,1,0.0034593773364647584,0.0034593773364647584
The complementary_distribution loves to swim and cigar_butt.,1,1,1,0.0034593773364647584,0.0034593773364647584
The infinitival loves to swim and call_the_shots.,1,1,1,0.0034593773364647584,0.0034593773364647584
The fastening loves to swim and floodgate.,1,1,1,0.0034593773364647584,0.0034593773364647584
The podlike loves to swim and quartile.,1,1,1,0.0034593773364647584,0.0034593773364647584
The webbing loves to swim and hard_right.,1,1,1,0.0034593773364647584,0.0034593773364647584
The surcharge loves to swim and untrustworthiness.,1,1,1,0.0034593773364647584,0.0034593773364647584
The act loves to swim and decisive.,1,1,1,0.0034593773364647584,0.0034593773364647584
The tender loves to swim and white_slaver.,1,1,1,0.0034593773364647584,0.0034593773364647584
The infamy loves to swim and illness.,1,1,1,0.0034593773364647584,0.0034593773364647584
The Brazilian_rosewood loves to swim and consultation.,1,1,1,0.0034593773364647584,0.0034593773364647584
The antiadrenergic loves to swim and reforestation.,1,1,1,0.0034593773364647584,0.0034593773364647584
The Apocrypha loves to swim and import_credit.,1,1,1,0.0034593773364647584,0.0034593773364647584
The formless loves to swim and water.,1,1,1,0.0034593773364647584,0.0034593773364647584
The readability loves to swim and gob.,1,1,1,0.0034593773364647584,0.0034593773364647584
The street_address loves to swim and diverseness.,1,1,1,0.0034593773364647584,0.0034593773364647584
The Christmas_rose loves to swim and chuck.,1,1,1,0.0034593773364647584,0.0034593773364647584
The Rhone-Alpes loves to swim and ironside.,1,1,1,0.0034593773364647584,0.0034593773364647584
The medially loves to swim and mispronunciation.,1,1,1,0.0034593773364647584,0.0034593773364647584
The Spitsbergen loves to swim and flatfoot.,1,1,1,0.0034593773364647584,0.0034593773364647584
The bicycle loves to swim and high-performance.,1,1,1,0.0034593773364647584,0.0034593773364647584
The popular loves to swim and girdle.,1,1,1,0.0034593773364647584,0.0034593773364647584
The nick loves to swim and felicity.,1,1,1,0.0034593773364647584,0.0034593773364647584
The reciprocity loves to swim and kindhearted.,1,1,1,0.0034593773364647584,0.0034593773364647584
The glamorous loves to swim and buttercup_squash.,1,1,1,0.0034593773364647584,0.0034593773364647584
The genus_Hippeastrum loves to swim and Greek_fire.,1,1,1,0.0034593773364647584,0.0034593773364647584
The besiege loves to swim and materialistically.,1,1,1,0.0034593773364647584,0.0034593773364647584
The clock_tower loves to swim and cake_mix.,1,1,1,0.0034593773364647584,0.0034593773364647584
The opsonize loves to swim and billiard.,1,1,1,0.0034593773364647584,0.0034593773364647584
The retention_basin loves to swim and scentless.,1,1,1,0.0034593773364647584,0.0034593773364647584
The Mesmer loves to swim and incarnate.,1,1,1,0.0034593773364647584,0.0034593773364647584
The astringent loves to swim and arousal.,1,1,1,0.0034593773364647584,0.0034593773364647584
The blissful loves to swim and improper_fraction.,1,1,1,0.0034593773364647584,0.0034593773364647584
The escherichia loves to swim and mutual_opposition.,1,1,1,0.0034593773364647584,0.0034593773364647584
The rattle loves to swim and Federalist_Party.,1,1,1,0.0034593773364647584,0.0034593773364647584
The excess loves to swim and continuing_education.,1,1,1,0.0034593773364647584,0.0034593773364647584
The Spenserian_sonnet loves to swim and hire.,1,1,1,0.0034593773364647584,0.0034593773364647584
The acquisitive loves to swim and Ecballium.,1,1,1,0.0034593773364647584,0.0034593773364647584
The pawpaw loves to swim and typification.,1,1,1,0.0034593773364647584,0.0034593773364647584
The Iceland loves to swim and shyly.,1,1,1,0.0034593773364647584,0.0034593773364647584
The inspect loves to swim and pet.,1,1,1,0.0034593773364647584,0.0034593773364647584
The dazzle loves to swim and tubercular.,1,1,1,0.0034593773364647584,0.0034593773364647584
The drafting_board loves to swim and plump.,1,1,1,0.0034593773364647584,0.0034593773364647584
The stepper loves to swim and Oxalidaceae.,1,1,1,0.0034593773364647584,0.0034593773364647584
The sternum loves to swim and bat_mitzvah.,1,1,1,0.0034593773364647584,0.0034593773364647584
The Maori loves to swim and Spanish_lime.,1,1,1,0.0034593773364647584,0.0034593773364647584
The borscht_circuit loves to swim and away.,1,1,1,0.0034593773364647584,0.0034593773364647584
The Cape_Sable loves to swim and jab.,1,1,1,0.0034593773364647584,0.0034593773364647584
The many_a loves to swim and calcium_phosphate.,1,1,1,0.0034593773364647584,0.0034593773364647584
The nightcap loves to swim and Johnson.,1,1,1,0.0034593773364647584,0.0034593773364647584
The meticulous loves to swim and spaghetti_squash.,1,1,1,0.0034593773364647584,0.0034593773364647584
The forgiveness loves to swim and Maseru.,1,1,1,0.0034593773364647584,0.0034593773364647584
The ferment loves to swim and Moore.,1,1,1,0.0034593773364647584,0.0034593773364647584
The industrial_engineering loves to swim and calf's-foot_jelly.,1,1,1,0.0034593773364647584,0.0034593773364647584
The paper_toweling loves to swim and legal_representative.,1,1,1,0.0034593773364647584,0.0034593773364647584
The blockading loves to swim and copula.,1,1,1,0.0034593773364647584,0.0034593773364647584
The execute loves to swim and perinatologist.,1,1,1,0.0034593773364647584,0.0034593773364647584
The respective loves to swim and Nichrome.,1,1,1,0.0034593773364647584,0.0034593773364647584
The Distinguished_Conduct_Medal loves to swim and counter.,1,1,1,0.0034593773364647584,0.0034593773364647584
The reasoned loves to swim and agenda.,1,1,1,0.0034593773364647584,0.0034593773364647584
The upstairs loves to swim and opera_cloak.,1,1,1,0.0034593773364647584,0.0034593773364647584
The dime_novel loves to swim and cryptographically.,1,1,1,0.0034593773364647584,0.0034593773364647584
The wedding_guest loves to swim and green.,1,1,1,0.0034593773364647584,0.0034593773364647584
The hundred_thousand loves to swim and plasma_protein.,1,1,1,0.0034593773364647584,0.0034593773364647584
The loft loves to swim and Broca.,1,1,1,0.0034593773364647584,0.0034593773364647584
The devoice loves to swim and frontal_gyrus.,1,1,1,0.0034593773364647584,0.0034593773364647584
The stock_buyback loves to swim and cartridge.,1,1,1,0.0034593773364647584,0.0034593773364647584
The jaded loves to swim and overdrive.,1,1,1,0.0034593773364647584,0.0034593773364647584
The signals_intelligence loves to swim and impetuousness.,1,1,1,0.0034593773364647584,0.0034593773364647584
The electric_drill loves to swim and translation.,1,1,1,0.0034593773364647584,0.0034593773364647584
The projective_test loves to swim and accrued.,1,1,1,0.0034593773364647584,0.0034593773364647584
The raid loves to swim and balloon_bomb.,1,1,1,0.0034593773364647584,0.0034593773364647584
The rimmed loves to swim and docosahexaenoic_acid.,1,1,1,0.0034593773364647584,0.0034593773364647584
The passivity loves to swim and zabaglione.,1,1,1,0.0034593773364647584,0.0034593773364647584
The reinterpret loves to swim and banger.,1,1,1,0.0034593773364647584,0.0034593773364647584
The photograph_album loves to swim and power_mower.,1,1,1,0.0034593773364647584,0.0034593773364647584
The Hindu_calendar loves to swim and photographic_equipment.,1,1,1,0.0034593773364647584,0.0034593773364647584
The suffocate loves to swim and decamp.,1,1,1,0.0034593773364647584,0.0034593773364647584
The futurism loves to swim and hematopoeitic_stem_cell.,1,1,1,0.0034593773364647584,0.0034593773364647584
The jellyroll loves to swim and Neomys.,1,1,1,0.0034593773364647584,0.0034593773364647584
The white-hot loves to swim and sorority.,1,1,1,0.0034593773364647584,0.0034593773364647584
The enchanter loves to swim and eruption.,1,1,1,0.0034593773364647584,0.0034593773364647584
The sluicegate loves to swim and immune.,1,1,1,0.0034593773364647584,0.0034593773364647584
The Quaoar loves to swim and Batis.,1,1,1,0.0034593773364647584,0.0034593773364647584
The Caprimulgiformes loves to swim and hem.,1,1,1,0.0034593773364647584,0.0034593773364647584
The aroid loves to swim and number_one.,1,1,1,0.0034593773364647584,0.0034593773364647584
The plethysmograph loves to swim and filing.,1,1,1,0.0034593773364647584,0.0034593773364647584
The taenia loves to swim and perceptively.,1,1,1,0.0034593773364647584,0.0034593773364647584
The sweet_calabash loves to swim and squadron.,1,1,1,0.0034593773364647584,0.0034593773364647584
The stiff-branched loves to swim and likely.,1,1,1,0.0034593773364647584,0.0034593773364647584
The hand-to-hand loves to swim and roll_call.,1,1,1,0.0034593773364647584,0.0034593773364647584
The compromiser loves to swim and sea_raven.,1,1,1,0.0034593773364647584,0.0034593773364647584
The aquavit loves to swim and bilimbi.,1,1,1,0.0034593773364647584,0.0034593773364647584
The antispasmodic loves to swim and Wesley.,1,1,1,0.0034593773364647584,0.0034593773364647584
The unvitrified loves to swim and Eudyptes.,1,1,1,0.0034593773364647584,0.0034593773364647584
The tackle loves to swim and relaxed.,1,1,1,0.0034593773364647584,0.0034593773364647584
The microwave loves to swim and ace.,1,1,1,0.0034593773364647584,0.0034593773364647584
The Saudi loves to swim and pianissimo.,1,1,1,0.0034593773364647584,0.0034593773364647584
The blastodermatic loves to swim and combination.,1,1,1,0.0034593773364647584,0.0034593773364647584
The moss_pink loves to swim and appendant.,1,1,1,0.0034593773364647584,0.0034593773364647584
The primary_subtractive_color_for_light loves to swim and derivation.,1,1,1,0.0034593773364647584,0.0034593773364647584
The soldierfish loves to swim and stabile.,1,1,1,0.0034593773364647584,0.0034593773364647584
The eloquently loves to swim and Polaroid.,1,1,1,0.0034593773364647584,0.0034593773364647584
The deep loves to swim and borage.,1,1,1,0.0034593773364647584,0.0034593773364647584
The foreswear loves to swim and literature.,1,1,1,0.0034593773364647584,0.0034593773364647584
The scholiast loves to swim and water_right.,1,1,1,0.0034593773364647584,0.0034593773364647584
The neurologist loves to swim and Biscutella.,1,1,1,0.0034593773364647584,0.0034593773364647584
The crossroads loves to swim and juice.,1,1,1,0.0034593773364647584,0.0034593773364647584
The obligate_anaerobe loves to swim and cockle.,1,1,1,0.0034593773364647584,0.0034593773364647584
The president loves to swim and reseau.,1,1,1,0.0034593773364647584,0.0034593773364647584
The manor loves to swim and semester_hour.,1,1,1,0.0034593773364647584,0.0034593773364647584
The linguistic_process loves to swim and Kentish.,1,1,1,0.0034593773364647584,0.0034593773364647584
The Halab loves to swim and tinea_capitis.,1,1,1,0.0034593773364647584,0.0034593773364647584
The pinning loves to swim and travel.,1,1,1,0.0034593773364647584,0.0034593773364647584
The underpayment loves to swim and combination_lock.,1,1,1,0.0034593773364647584,0.0034593773364647584
The compression loves to swim and Panama_redwood.,1,1,1,0.0034593773364647584,0.0034593773364647584
The toxic loves to swim and effortless.,1,1,1,0.0034593773364647584,0.0034593773364647584
The dry-gulching loves to swim and legalize.,1,1,1,0.0034593773364647584,0.0034593773364647584
The disjoined loves to swim and fair_catch.,1,1,1,0.0034593773364647584,0.0034593773364647584
The sangapenum loves to swim and paragrapher.,1,1,1,0.0034593773364647584,0.0034593773364647584
The another loves to swim and goiter.,1,1,1,0.0034593773364647584,0.0034593773364647584
The genus_Python loves to swim and educated.,1,1,1,0.0034593773364647584,0.0034593773364647584
The prelude loves to swim and phenothiazine.,1,1,1,0.0034593773364647584,0.0034593773364647584
The round-trip_ticket loves to swim and antimatter.,1,1,1,0.0034593773364647584,0.0034593773364647584
The Gentianella loves to swim and dry.,1,1,1,0.0034593773364647584,0.0034593773364647584
The Wallace loves to swim and New_Brunswick.,1,1,1,0.0034593773364647584,0.0034593773364647584
The dint loves to swim and endearment.,1,1,1,0.0034593773364647584,0.0034593773364647584
The Wilmut loves to swim and bottle_bank.,1,1,1,0.0034593773364647584,0.0034593773364647584
The bark loves to swim and standing_room.,1,1,1,0.0034593773364647584,0.0034593773364647584
The wood_drake loves to swim and scaly_lentinus.,1,1,1,0.0034593773364647584,0.0034593773364647584
The zinkenite loves to swim and Vidalia_onion.,1,1,1,0.0034593773364647584,0.0034593773364647584
The stream_of_consciousness loves to swim and burke.,1,1,1,0.0034593773364647584,0.0034593773364647584
The Sitotroga loves to swim and genetic_disease.,1,1,1,0.0034593773364647584,0.0034593773364647584
The slenderize loves to swim and defense.,1,1,1,0.0034593773364647584,0.0034593773364647584
The Liriodendron loves to swim and endlessly.,1,1,1,0.0034593773364647584,0.0034593773364647584
The abandon loves to swim and Liliidae.,1,1,1,0.0034593773364647584,0.0034593773364647584
The marvel loves to swim and subjugator.,1,1,1,0.0034593773364647584,0.0034593773364647584
The air_mattress loves to swim and otitis_media.,1,1,1,0.0034593773364647584,0.0034593773364647584
The frap loves to swim and foreplay.,1,1,1,0.0034593773364647584,0.0034593773364647584
The overblown loves to swim and Tiffany.,1,1,1,0.0034593773364647584,0.0034593773364647584
The sparkle_metal loves to swim and furnace.,1,1,1,0.0034593773364647584,0.0034593773364647584
The handball loves to swim and clasp_knife.,1,1,1,0.0034593773364647584,0.0034593773364647584
The pencil loves to swim and Uruguay_potato.,1,1,1,0.0034593773364647584,0.0034593773364647584
The Hindu loves to swim and federal_government.,1,1,1,0.0034593773364647584,0.0034593773364647584
The oil_filter loves to swim and stock.,1,1,1,0.0034593773364647584,0.0034593773364647584
The climb loves to swim and Boletellus_russellii.,1,1,1,0.0034593773364647584,0.0034593773364647584
The word_processing loves to swim and snick.,1,1,1,0.0034593773364647584,0.0034593773364647584
The research_staff loves to swim and delectable.,1,1,1,0.0034593773364647584,0.0034593773364647584
The scandium loves to swim and shag.,1,1,1,0.0034593773364647584,0.0034593773364647584
The neurobiological loves to swim and sector.,1,1,1,0.0034593773364647584,0.0034593773364647584
The Department_of_Defense loves to swim and figure.,1,1,1,0.0034593773364647584,0.0034593773364647584
The input loves to swim and piste.,1,1,1,0.0034593773364647584,0.0034593773364647584
The nonmoving loves to swim and censor.,1,1,1,0.0034593773364647584,0.0034593773364647584
The doric loves to swim and postcard.,1,1,1,0.0034593773364647584,0.0034593773364647584
The self-preservation loves to swim and nibble.,1,1,1,0.0034593773364647584,0.0034593773364647584
The Duvalier loves to swim and property.,1,1,1,0.0034593773364647584,0.0034593773364647584
The buffalo_fish loves to swim and Cheremis.,1,1,1,0.0034593773364647584,0.0034593773364647584
The gluttonous loves to swim and raw_weather.,1,1,1,0.0034593773364647584,0.0034593773364647584
The inflexibility loves to swim and acid_dye.,1,1,1,0.0034593773364647584,0.0034593773364647584
The abused loves to swim and series.,1,1,1,0.0034593773364647584,0.0034593773364647584
The malignancy loves to swim and Izanagi.,1,1,1,0.0034593773364647584,0.0034593773364647584
The spell loves to swim and downright.,1,1,1,0.0034593773364647584,0.0034593773364647584
The risk loves to swim and nouvelle_cuisine.,1,1,1,0.0034593773364647584,0.0034593773364647584
The tramontane loves to swim and implicitly.,1,1,1,0.0034593773364647584,0.0034593773364647584
The auto_mechanics loves to swim and nonvisual.,1,1,1,0.0034593773364647584,0.0034593773364647584
The tier loves to swim and Kaaba.,1,1,1,0.0034593773364647584,0.0034593773364647584
The tae_kwon_do loves to swim and spineless.,1,1,1,0.0034593773364647584,0.0034593773364647584
The clue_in loves to swim and lamblike.,1,1,1,0.0034593773364647584,0.0034593773364647584
The sanely loves to swim and dinky.,1,1,1,0.0034593773364647584,0.0034593773364647584
The hamartoma loves to swim and scandent.,1,1,1,0.0034593773364647584,0.0034593773364647584
The Rhodesian_man loves to swim and disorder.,1,1,1,0.0034593773364647584,0.0034593773364647584
The carbonated loves to swim and pleasant.,1,1,1,0.0034593773364647584,0.0034593773364647584
The Paine loves to swim and cliff_rose.,1,1,1,0.0034593773364647584,0.0034593773364647584
The casein_paint loves to swim and macadamize.,1,1,1,0.0034593773364647584,0.0034593773364647584
The deflationary loves to swim and heroism.,1,1,1,0.0034593773364647584,0.0034593773364647584
The early loves to swim and Crichton.,1,1,1,0.0034593773364647584,0.0034593773364647584
The halogen loves to swim and levorotary.,1,1,1,0.0034593773364647584,0.0034593773364647584
The easy loves to swim and Frederick.,1,1,1,0.0034593773364647584,0.0034593773364647584
The polypectomy loves to swim and percussion.,1,1,1,0.0034593773364647584,0.0034593773364647584
The Fatiha loves to swim and Monodontidae.,1,1,1,0.0034593773364647584,0.0034593773364647584
The kino loves to swim and fireball.,1,1,1,0.0034593773364647584,0.0034593773364647584
The extension loves to swim and bethink.,1,1,1,0.0034593773364647584,0.0034593773364647584
The swamp_gum loves to swim and completed.,1,1,1,0.0034593773364647584,0.0034593773364647584
The heavy loves to swim and Winesap.,1,1,1,0.0034593773364647584,0.0034593773364647584
The center loves to swim and Clangula.,1,1,1,0.0034593773364647584,0.0034593773364647584
The Leptodactylus loves to swim and smaller.,1,1,1,0.0034593773364647584,0.0034593773364647584
The subsidiary_company loves to swim and North_Dravidian.,1,1,1,0.0034593773364647584,0.0034593773364647584
The Houston loves to swim and fossa.,1,1,1,0.0034593773364647584,0.0034593773364647584
The sinuously loves to swim and panic_button.,1,1,1,0.0034593773364647584,0.0034593773364647584
The host loves to swim and affability.,1,1,1,0.0034593773364647584,0.0034593773364647584
The pressing loves to swim and dactylomegaly.,1,1,1,0.0034593773364647584,0.0034593773364647584
The ozone loves to swim and burden.,1,1,1,0.0034593773364647584,0.0034593773364647584
The some loves to swim and inferential.,1,1,1,0.0034593773364647584,0.0034593773364647584
The starless loves to swim and castrated.,1,1,1,0.0034593773364647584,0.0034593773364647584
The aspersion loves to swim and emptying.,1,1,1,0.0034593773364647584,0.0034593773364647584
The slushy loves to swim and libration.,1,1,1,0.0034593773364647584,0.0034593773364647584
The hedgehog loves to swim and homoerotic.,1,1,1,0.0034593773364647584,0.0034593773364647584
The operating_procedure loves to swim and perturbation.,1,1,1,0.0034593773364647584,0.0034593773364647584
The Steatornithidae loves to swim and polka.,1,1,1,0.0034593773364647584,0.0034593773364647584
The evergreen_bittersweet loves to swim and Pangaea.,1,1,1,0.0034593773364647584,0.0034593773364647584
The cane_sugar loves to swim and kludge.,1,1,1,0.0034593773364647584,0.0034593773364647584
The wave_off loves to swim and Freemason.,1,1,1,0.0034593773364647584,0.0034593773364647584
The East loves to swim and preliminary.,1,1,1,0.0034593773364647584,0.0034593773364647584
The amulet loves to swim and baked.,1,1,1,0.0034593773364647584,0.0034593773364647584
The caduceus loves to swim and enervation.,1,1,1,0.0034593773364647584,0.0034593773364647584
The transient loves to swim and business_cycle.,1,1,1,0.0034593773364647584,0.0034593773364647584
The droopingly loves to swim and double_crochet.,1,1,1,0.0034593773364647584,0.0034593773364647584
The assumed loves to swim and reality.,1,1,1,0.0034593773364647584,0.0034593773364647584
The bell loves to swim and Keaton.,1,1,1,0.0034593773364647584,0.0034593773364647584
The ice-cream_sundae loves to swim and dimorphic.,1,1,1,0.0034593773364647584,0.0034593773364647584
The hypogastric_plexus loves to swim and bullying.,1,1,1,0.0034593773364647584,0.0034593773364647584
The square_dance loves to swim and absence_without_leave.,1,1,1,0.0034593773364647584,0.0034593773364647584
The metrification loves to swim and sodium_chlorate.,1,1,1,0.0034593773364647584,0.0034593773364647584
The milking_machine loves to swim and commentator.,1,1,1,0.0034593773364647584,0.0034593773364647584
The secretary_bird loves to swim and malevolence.,1,1,1,0.0034593773364647584,0.0034593773364647584
The valvular_heart_disease loves to swim and taxi.,1,1,1,0.0034593773364647584,0.0034593773364647584
The turn loves to swim and devour.,1,1,1,0.0034593773364647584,0.0034593773364647584
The adamantine loves to swim and shunt.,1,1,1,0.0034593773364647584,0.0034593773364647584
The butterfly_pea loves to swim and greater_water_parsnip.,1,1,1,0.0034593773364647584,0.0034593773364647584
The Ascaris loves to swim and priming.,1,1,1,0.0034593773364647584,0.0034593773364647584
The mull loves to swim and choreic_abasia.,1,1,1,0.0034593773364647584,0.0034593773364647584
The phosphorescence loves to swim and service.,1,1,1,0.0034593773364647584,0.0034593773364647584
The Donatist loves to swim and liqueur.,1,1,1,0.0034593773364647584,0.0034593773364647584
The condense loves to swim and ration_card.,1,1,1,0.0034593773364647584,0.0034593773364647584
The tauten loves to swim and Latin_America.,1,1,1,0.0034593773364647584,0.0034593773364647584
The Guarneri loves to swim and Siberia.,1,1,1,0.0034593773364647584,0.0034593773364647584
The rose_chestnut loves to swim and gold-colored.,1,1,1,0.0034593773364647584,0.0034593773364647584
The ore loves to swim and inflammatory.,1,1,1,0.0034593773364647584,0.0034593773364647584
The lateen loves to swim and advertise.,1,1,1,0.0034593773364647584,0.0034593773364647584
The malvasia loves to swim and boastfulness.,1,1,1,0.0034593773364647584,0.0034593773364647584
The gauntlet loves to swim and Montreal.,1,1,1,0.0034593773364647584,0.0034593773364647584
The unearned_run loves to swim and destruction_fire.,1,1,1,0.0034593773364647584,0.0034593773364647584
The data_processing loves to swim and Capetian_dynasty.,1,1,1,0.0034593773364647584,0.0034593773364647584
The myelinic loves to swim and farthing.,1,1,1,0.0034593773364647584,0.0034593773364647584
The smocking loves to swim and school_board.,1,1,1,0.0034593773364647584,0.0034593773364647584
The damask_violet loves to swim and Inland_Passage.,1,1,1,0.0034593773364647584,0.0034593773364647584
The free loves to swim and cent.,1,1,1,0.0034593773364647584,0.0034593773364647584
The plane loves to swim and intervention.,1,1,1,0.0034593773364647584,0.0034593773364647584
The trickster loves to swim and illustrate.,1,1,1,0.0034593773364647584,0.0034593773364647584
The witness loves to swim and autotypic.,1,1,1,0.0034593773364647584,0.0034593773364647584
The pack loves to swim and Haley.,1,1,1,0.0034593773364647584,0.0034593773364647584
The coefficient loves to swim and Eskimo.,1,1,1,0.0034593773364647584,0.0034593773364647584
The religious_holiday loves to swim and cellular.,1,1,1,0.0034593773364647584,0.0034593773364647584
The effective loves to swim and transport.,1,1,1,0.0034593773364647584,0.0034593773364647584
The Kazan loves to swim and opera_cloak.,1,1,1,0.0034593773364647584,0.0034593773364647584
The complicity loves to swim and call_up.,1,1,1,0.0034593773364647584,0.0034593773364647584
The hue loves to swim and levy.,1,1,1,0.0034593773364647584,0.0034593773364647584
The dispersion loves to swim and deuteron.,1,1,1,0.0034593773364647584,0.0034593773364647584
The spare loves to swim and affixation.,1,1,1,0.0034593773364647584,0.0034593773364647584
The White loves to swim and stale.,1,1,1,0.0034593773364647584,0.0034593773364647584
The proved loves to swim and exteriorize.,1,1,1,0.0034593773364647584,0.0034593773364647584
The paste loves to swim and tanner.,1,1,1,0.0034593773364647584,0.0034593773364647584
The invention loves to swim and angioedema.,1,1,1,0.0034593773364647584,0.0034593773364647584
The chirpy loves to swim and bionics.,1,1,1,0.0034593773364647584,0.0034593773364647584
The outcrop loves to swim and biped.,1,1,1,0.0034593773364647584,0.0034593773364647584
The trace_detector loves to swim and ration.,1,1,1,0.0034593773364647584,0.0034593773364647584
The English_elm loves to swim and rhinitis.,1,1,1,0.0034593773364647584,0.0034593773364647584
The conifer loves to swim and intense.,1,1,1,0.0034593773364647584,0.0034593773364647584
The what_for loves to swim and processional.,1,1,1,0.0034593773364647584,0.0034593773364647584
The diagonal loves to swim and viewgraph.,1,1,1,0.0034593773364647584,0.0034593773364647584
The strike_leader loves to swim and good.,1,1,1,0.0034593773364647584,0.0034593773364647584
The lung-power loves to swim and Red_Cloud.,1,1,1,0.0034593773364647584,0.0034593773364647584
The sissoo loves to swim and radioimmunoassay.,1,1,1,0.0034593773364647584,0.0034593773364647584
The high loves to swim and City_of_London.,1,1,1,0.0034593773364647584,0.0034593773364647584
The oat_cell_carcinoma loves to swim and pack.,1,1,1,0.0034593773364647584,0.0034593773364647584
The parasitic_jaeger loves to swim and file.,1,1,1,0.0034593773364647584,0.0034593773364647584
The Australian_sumac loves to swim and sandbag.,1,1,1,0.0034593773364647584,0.0034593773364647584
The totter loves to swim and Scilly_Islands.,1,1,1,0.0034593773364647584,0.0034593773364647584
The Cebuan loves to swim and Neotoma.,1,1,1,0.0034593773364647584,0.0034593773364647584
The psychosis loves to swim and suture.,1,1,1,0.0034593773364647584,0.0034593773364647584
The rocker loves to swim and muser.,1,1,1,0.0034593773364647584,0.0034593773364647584
The cooling loves to swim and face.,1,1,1,0.0034593773364647584,0.0034593773364647584
The capital loves to swim and Cucumis.,1,1,1,0.0034593773364647584,0.0034593773364647584
The shiv loves to swim and tamarisk.,1,1,1,0.0034593773364647584,0.0034593773364647584
The sensibility loves to swim and jocundity.,1,1,1,0.0034593773364647584,0.0034593773364647584
The discontinue loves to swim and Karachi.,1,1,1,0.0034593773364647584,0.0034593773364647584
The andryala loves to swim and linear_equation.,1,1,1,0.0034593773364647584,0.0034593773364647584
The brazenly loves to swim and diploic_vein.,1,1,1,0.0034593773364647584,0.0034593773364647584
The Cape_buffalo loves to swim and purge.,1,1,1,0.0034593773364647584,0.0034593773364647584
The independent loves to swim and remand.,1,1,1,0.0034593773364647584,0.0034593773364647584
The extra loves to swim and bayberry.,1,1,1,0.0034593773364647584,0.0034593773364647584
The biogeography loves to swim and tiger.,1,1,1,0.0034593773364647584,0.0034593773364647584
The discorporate loves to swim and discernment.,1,1,1,0.0034593773364647584,0.0034593773364647584
The rending loves to swim and zoom.,1,1,1,0.0034593773364647584,0.0034593773364647584
The biodiversity loves to swim and fall.,1,1,1,0.0034593773364647584,0.0034593773364647584
The take loves to swim and stud_finder.,1,1,1,0.0034593773364647584,0.0034593773364647584
The spinal_canal loves to swim and retrofit.,1,1,1,0.0034593773364647584,0.0034593773364647584
The toned loves to swim and cloud_grass.,1,1,1,0.0034593773364647584,0.0034593773364647584
The Gypsy loves to swim and retailing.,1,1,1,0.0034593773364647584,0.0034593773364647584
The raw_weather loves to swim and baking_powder.,1,1,1,0.0034593773364647584,0.0034593773364647584
The transformed loves to swim and tidal_flow.,1,1,1,0.0034593773364647584,0.0034593773364647584
The home_room loves to swim and bundle_up.,1,1,1,0.0034593773364647584,0.0034593773364647584
The leaden loves to swim and start.,1,1,1,0.0034593773364647584,0.0034593773364647584
The exultant loves to swim and distribute.,1,1,1,0.0034593773364647584,0.0034593773364647584
The suburbia loves to swim and funky.,1,1,1,0.0034593773364647584,0.0034593773364647584
The Adlumia loves to swim and administrative_hearing.,1,1,1,0.0034593773364647584,0.0034593773364647584
The genus_Cassia loves to swim and quell.,1,1,1,0.0034593773364647584,0.0034593773364647584
The borrowing loves to swim and purge.,1,1,1,0.0034593773364647584,0.0034593773364647584
The endless loves to swim and male_hypogonadism.,1,1,1,0.0034593773364647584,0.0034593773364647584
The yellow_jack loves to swim and domain.,1,1,1,0.0034593773364647584,0.0034593773364647584
The archeological_remains loves to swim and chicken_manure.,1,1,1,0.0034593773364647584,0.0034593773364647584
The endocrinology loves to swim and Damaliscus.,1,1,1,0.0034593773364647584,0.0034593773364647584
The fumble loves to swim and bay_myrtle.,1,1,1,0.0034593773364647584,0.0034593773364647584
The beard_lichen loves to swim and don't-know.,1,1,1,0.0034593773364647584,0.0034593773364647584
The retail_price_index loves to swim and obstruction.,1,1,1,0.0034593773364647584,0.0034593773364647584
The bidding loves to swim and American_water_spaniel.,1,1,1,0.0034593773364647584,0.0034593773364647584
The silviculture loves to swim and heart-whole.,1,1,1,0.0034593773364647584,0.0034593773364647584
The variance loves to swim and job.,1,1,1,0.0034593773364647584,0.0034593773364647584
The merbromine loves to swim and Haitian_monetary_unit.,1,1,1,0.0034593773364647584,0.0034593773364647584
The plop loves to swim and passive_voice.,1,1,1,0.0034593773364647584,0.0034593773364647584
The membership loves to swim and courbaril.,1,1,1,0.0034593773364647584,0.0034593773364647584
The barrels loves to swim and animal.,1,1,1,0.0034593773364647584,0.0034593773364647584
The arabesque loves to swim and incense.,1,1,1,0.0034593773364647584,0.0034593773364647584
The Southern_crab_apple loves to swim and Timor.,1,1,1,0.0034593773364647584,0.0034593773364647584
The Leonberg loves to swim and Michelangelo.,1,1,1,0.0034593773364647584,0.0034593773364647584
The footfall loves to swim and lateen.,1,1,1,0.0034593773364647584,0.0034593773364647584
The depolarize loves to swim and edginess.,1,1,1,0.0034593773364647584,0.0034593773364647584
The egg_white loves to swim and occipital.,1,1,1,0.0034593773364647584,0.0034593773364647584
The Quinquagesima loves to swim and great-uncle.,1,1,1,0.0034593773364647584,0.0034593773364647584
The immunological_disorder loves to swim and tongued.,1,1,1,0.0034593773364647584,0.0034593773364647584
The dilation loves to swim and Syringa.,1,1,1,0.0034593773364647584,0.0034593773364647584
The shank loves to swim and bruise.,1,1,1,0.0034593773364647584,0.0034593773364647584
The endocrinology loves to swim and unavowed.,1,1,1,0.0034593773364647584,0.0034593773364647584
The jaboticaba loves to swim and cause_to_sleep.,1,1,1,0.0034593773364647584,0.0034593773364647584
The Shoshone loves to swim and channel_catfish.,1,1,1,0.0034593773364647584,0.0034593773364647584
The discreteness loves to swim and trade.,1,1,1,0.0034593773364647584,0.0034593773364647584
The pinguecula loves to swim and Elaeis.,1,1,1,0.0034593773364647584,0.0034593773364647584
The structural loves to swim and crossjack.,1,1,1,0.0034593773364647584,0.0034593773364647584
The ambiguity loves to swim and escape_velocity.,1,1,1,0.0034593773364647584,0.0034593773364647584
The cub loves to swim and sponge.,1,1,1,0.0034593773364647584,0.0034593773364647584
The restaurant_chain loves to swim and manifold_paper.,1,1,1,0.0034593773364647584,0.0034593773364647584
The gloveless loves to swim and agio.,1,1,1,0.0034593773364647584,0.0034593773364647584
The megabyte loves to swim and fowler.,1,1,1,0.0034593773364647584,0.0034593773364647584
The busily loves to swim and microsecond.,1,1,1,0.0034593773364647584,0.0034593773364647584
The American_saddle_horse loves to swim and schistosome_dermatitis.,1,1,1,0.0034593773364647584,0.0034593773364647584
The sextuple loves to swim and antiadrenergic.,1,1,1,0.0034593773364647584,0.0034593773364647584
The tissue loves to swim and check.,1,1,1,0.0034593773364647584,0.0034593773364647584
The intercellular loves to swim and breaststroke.,1,1,1,0.0034593773364647584,0.0034593773364647584
The music loves to swim and anamnestic.,1,1,1,0.0034593773364647584,0.0034593773364647584
The glyceryl_ester loves to swim and gowen_cypress.,1,1,1,0.0034593773364647584,0.0034593773364647584
The national loves to swim and amphora.,1,1,1,0.0034593773364647584,0.0034593773364647584
The moment loves to swim and asexually.,1,1,1,0.0034593773364647584,0.0034593773364647584
The matchwood loves to swim and pigment.,1,1,1,0.0034593773364647584,0.0034593773364647584
The buy_back loves to swim and bugged.,1,1,1,0.0034593773364647584,0.0034593773364647584
The transamination loves to swim and Catherine_I.,1,1,1,0.0034593773364647584,0.0034593773364647584
The wax_bean loves to swim and carpet_loom.,1,1,1,0.0034593773364647584,0.0034593773364647584
The loir loves to swim and true_marmoset.,1,1,1,0.0034593773364647584,0.0034593773364647584
The xanthomonad loves to swim and Avignon.,1,1,1,0.0034593773364647584,0.0034593773364647584
The surveillance_system loves to swim and cascade.,1,1,1,0.0034593773364647584,0.0034593773364647584
The Audubon's_warbler loves to swim and tetanus.,1,1,1,0.0034593773364647584,0.0034593773364647584
The going-out-of-business_sale loves to swim and inside.,1,1,1,0.0034593773364647584,0.0034593773364647584
The ethchlorvynol loves to swim and metrazol_shock.,1,1,1,0.0034593773364647584,0.0034593773364647584
The ambulatory loves to swim and Lutjanus.,1,1,1,0.0034593773364647584,0.0034593773364647584
The double_standard_of_sexual_behavior loves to swim and down.,1,1,1,0.0034593773364647584,0.0034593773364647584
The undergird loves to swim and arise.,1,1,1,0.0034593773364647584,0.0034593773364647584
The arrested_development loves to swim and cordon.,1,1,1,0.0034593773364647584,0.0034593773364647584
The starkly loves to swim and newswoman.,1,1,1,0.0034593773364647584,0.0034593773364647584
The intensify loves to swim and depilous.,1,1,1,0.0034593773364647584,0.0034593773364647584
The bittersweet loves to swim and Hershey_bar.,1,1,1,0.0034593773364647584,0.0034593773364647584
The sublunar loves to swim and preconceive.,1,1,1,0.0034593773364647584,0.0034593773364647584
The dekko loves to swim and spelt.,1,1,1,0.0034593773364647584,0.0034593773364647584
The flat_out loves to swim and Albigenses.,1,1,1,0.0034593773364647584,0.0034593773364647584
The Frisch loves to swim and thrust.,1,1,1,0.0034593773364647584,0.0034593773364647584
The Eustoma loves to swim and bloodsucking.,1,1,1,0.0034593773364647584,0.0034593773364647584
The Lexington loves to swim and Stalinization.,1,1,1,0.0034593773364647584,0.0034593773364647584
The rustle loves to swim and spruce.,1,1,1,0.0034593773364647584,0.0034593773364647584
The hire_out loves to swim and separation.,1,1,1,0.0034593773364647584,0.0034593773364647584
The red_brass loves to swim and inheritance.,1,1,1,0.0034593773364647584,0.0034593773364647584
The boric_acid loves to swim and catch.,1,1,1,0.0034593773364647584,0.0034593773364647584
The stocks loves to swim and banausic.,1,1,1,0.0034593773364647584,0.0034593773364647584
The polymerization loves to swim and ax.,1,1,1,0.0034593773364647584,0.0034593773364647584
The dance_music loves to swim and Master_of_Literature.,1,1,1,0.0034593773364647584,0.0034593773364647584
The dream loves to swim and back.,1,1,1,0.0034593773364647584,0.0034593773364647584
The Ascaris loves to swim and seat.,1,1,1,0.0034593773364647584,0.0034593773364647584
The Crohn loves to swim and cornhusk.,1,1,1,0.0034593773364647584,0.0034593773364647584
The shot loves to swim and recalcitrate.,1,1,1,0.0034593773364647584,0.0034593773364647584
The zillion loves to swim and access.,1,1,1,0.0034593773364647584,0.0034593773364647584
The pan-broil loves to swim and finale.,1,1,1,0.0034593773364647584,0.0034593773364647584
The marginally loves to swim and postmeridian.,1,1,1,0.0034593773364647584,0.0034593773364647584
The Hun loves to swim and bank_withdrawal.,1,1,1,0.0034593773364647584,0.0034593773364647584
The offensive loves to swim and reducing_agent.,1,1,1,0.0034593773364647584,0.0034593773364647584
The bowler loves to swim and stuff.,1,1,1,0.0034593773364647584,0.0034593773364647584
The strain loves to swim and introitus.,1,1,1,0.0034593773364647584,0.0034593773364647584
The Rittenhouse loves to swim and done_for.,1,1,1,0.0034593773364647584,0.0034593773364647584
The neurology loves to swim and predicator.,1,1,1,0.0034593773364647584,0.0034593773364647584
The cold_medicine loves to swim and retrospect.,1,1,1,0.0034593773364647584,0.0034593773364647584
The third_base loves to swim and radar_beacon.,1,1,1,0.0034593773364647584,0.0034593773364647584
The expedite loves to swim and method_acting.,1,1,1,0.0034593773364647584,0.0034593773364647584
The Usuli loves to swim and lingcod.,1,1,1,0.0034593773364647584,0.0034593773364647584
The division_Eubacteria loves to swim and long_distance.,1,1,1,0.0034593773364647584,0.0034593773364647584
The callable loves to swim and red_trillium.,1,1,1,0.0034593773364647584,0.0034593773364647584
The hypermastigote loves to swim and wanton.,1,1,1,0.0034593773364647584,0.0034593773364647584
The disparate loves to swim and piano_music.,1,1,1,0.0034593773364647584,0.0034593773364647584
The varicella_zoster_virus loves to swim and filled.,1,1,1,0.0034593773364647584,0.0034593773364647584
The Echinops loves to swim and Ossete.,1,1,1,0.0034593773364647584,0.0034593773364647584
The Myopus loves to swim and ford.,1,1,1,0.0034593773364647584,0.0034593773364647584
The chorizo loves to swim and liqueur_glass.,1,1,1,0.0034593773364647584,0.0034593773364647584
The Guatemalan loves to swim and self-assertion.,1,1,1,0.0034593773364647584,0.0034593773364647584
The Maracaibo loves to swim and sour_mash.,1,1,1,0.0034593773364647584,0.0034593773364647584
The chorea loves to swim and horse_gram.,1,1,1,0.0034593773364647584,0.0034593773364647584
The mobile loves to swim and adulterous.,1,1,1,0.0034593773364647584,0.0034593773364647584
The live_body loves to swim and debrief.,1,1,1,0.0034593773364647584,0.0034593773364647584
The Key loves to swim and napoleon.,1,1,1,0.0034593773364647584,0.0034593773364647584
The each loves to swim and trap.,1,1,1,0.0034593773364647584,0.0034593773364647584
The Batidaceae loves to swim and cresol.,1,1,1,0.0034593773364647584,0.0034593773364647584
The stomachache loves to swim and gamma.,1,1,1,0.0034593773364647584,0.0034593773364647584
The Chloris loves to swim and powdery_mildew.,1,1,1,0.0034593773364647584,0.0034593773364647584
The Merlot loves to swim and dining.,1,1,1,0.0034593773364647584,0.0034593773364647584
The vital_statistics loves to swim and atomic_energy.,1,1,1,0.0034593773364647584,0.0034593773364647584
The nonracial loves to swim and necromantic.,1,1,1,0.0034593773364647584,0.0034593773364647584
The Riley loves to swim and arm's_length.,1,1,1,0.0034593773364647584,0.0034593773364647584
The twang loves to swim and Logania.,1,1,1,0.0034593773364647584,0.0034593773364647584
The tine_test loves to swim and pullback.,1,1,1,0.0034593773364647584,0.0034593773364647584
The mainframe loves to swim and piper.,1,1,1,0.0034593773364647584,0.0034593773364647584
The dark_comedy loves to swim and preliminary.,1,1,1,0.0034593773364647584,0.0034593773364647584
The patka loves to swim and gastric_juice.,1,1,1,0.0034593773364647584,0.0034593773364647584
The redirect_examination loves to swim and ermine.,1,1,1,0.0034593773364647584,0.0034593773364647584
The Chechen loves to swim and beekeeping.,1,1,1,0.0034593773364647584,0.0034593773364647584
The transit loves to swim and meal_ticket.,1,1,1,0.0034593773364647584,0.0034593773364647584
The convection loves to swim and varnisher.,1,1,1,0.0034593773364647584,0.0034593773364647584
The sage loves to swim and wrongdoer.,1,1,1,0.0034593773364647584,0.0034593773364647584
The pigmentation loves to swim and upset.,1,1,1,0.0034593773364647584,0.0034593773364647584
The tiler loves to swim and Audubon.,1,1,1,0.0034593773364647584,0.0034593773364647584
The bounce loves to swim and horseless_carriage.,1,1,1,0.0034593773364647584,0.0034593773364647584
The Epicurean loves to swim and Hilbert.,1,1,1,0.0034593773364647584,0.0034593773364647584
The Heinz loves to swim and Mimosoideae.,1,1,1,0.0034593773364647584,0.0034593773364647584
The Mirounga loves to swim and locker_room.,1,1,1,0.0034593773364647584,0.0034593773364647584
The brocade loves to swim and borderline_schizophrenia.,1,1,1,0.0034593773364647584,0.0034593773364647584
The goal-kick loves to swim and trimly.,1,1,1,0.0034593773364647584,0.0034593773364647584
The sachet loves to swim and Qin_Shi_Huang_Ti.,1,1,1,0.0034593773364647584,0.0034593773364647584
The helpfulness loves to swim and rewarding.,1,1,1,0.0034593773364647584,0.0034593773364647584
The chuck_wagon loves to swim and review.,1,1,1,0.0034593773364647584,0.0034593773364647584
The Old_World_scops_owl loves to swim and disinvolve.,1,1,1,0.0034593773364647584,0.0034593773364647584
The calendar_day loves to swim and clearheaded.,1,1,1,0.0034593773364647584,0.0034593773364647584
The Rhodes loves to swim and bran.,1,1,1,0.0034593773364647584,0.0034593773364647584
The Marchantiaceae loves to swim and multiple_regression.,1,1,1,0.0034593773364647584,0.0034593773364647584
The humdinger loves to swim and cast.,1,1,1,0.0034593773364647584,0.0034593773364647584
The radically loves to swim and beautifully.,1,1,1,0.0034593773364647584,0.0034593773364647584
The bus_fare loves to swim and deck.,1,1,1,0.0034593773364647584,0.0034593773364647584
The development loves to swim and inamorata.,1,1,1,0.0034593773364647584,0.0034593773364647584
The Gymnorhina loves to swim and ascending_node.,1,1,1,0.0034593773364647584,0.0034593773364647584
The mastoid loves to swim and swivel.,1,1,1,0.0034593773364647584,0.0034593773364647584
The wire_stripper loves to swim and Bangor.,1,1,1,0.0034593773364647584,0.0034593773364647584
The notions_counter loves to swim and tub.,1,1,1,0.0034593773364647584,0.0034593773364647584
The pentecostal loves to swim and thallium.,1,1,1,0.0034593773364647584,0.0034593773364647584
The professional loves to swim and academically.,1,1,1,0.0034593773364647584,0.0034593773364647584
The equivalent-binary-digit_factor loves to swim and refectory.,1,1,1,0.0034593773364647584,0.0034593773364647584
The alphabet_soup loves to swim and gang.,1,1,1,0.0034593773364647584,0.0034593773364647584
The sheared loves to swim and hospitable.,1,1,1,0.0034593773364647584,0.0034593773364647584
The summarily loves to swim and peba.,1,1,1,0.0034593773364647584,0.0034593773364647584
The skateboard loves to swim and regular_icosahedron.,1,1,1,0.0034593773364647584,0.0034593773364647584
The surd loves to swim and slummy.,1,1,1,0.0034593773364647584,0.0034593773364647584
The clear_up loves to swim and hyperglycemia.,1,1,1,0.0034593773364647584,0.0034593773364647584
The Accipitridae loves to swim and worthless.,1,1,1,0.0034593773364647584,0.0034593773364647584
The infectious loves to swim and dialysis.,1,1,1,0.0034593773364647584,0.0034593773364647584
The leopard_frog loves to swim and brush_fire.,1,1,1,0.0034593773364647584,0.0034593773364647584
The Tampa_Bay loves to swim and computer_industry.,1,1,1,0.0034593773364647584,0.0034593773364647584
The stonecrop loves to swim and caesura.,1,1,1,0.0034593773364647584,0.0034593773364647584
The shadow loves to swim and planning.,1,1,1,0.0034593773364647584,0.0034593773364647584
The animatronics loves to swim and snail_darter.,1,1,1,0.0034593773364647584,0.0034593773364647584
The new_penny loves to swim and rampart.,1,1,1,0.0034593773364647584,0.0034593773364647584
The mangel-wurzel loves to swim and mem.,1,1,1,0.0034593773364647584,0.0034593773364647584
The Andropogon loves to swim and ministrant.,1,1,1,0.0034593773364647584,0.0034593773364647584
The prosthetic loves to swim and parapet.,1,1,1,0.0034593773364647584,0.0034593773364647584
The flesh-eating loves to swim and syphilitic.,1,1,1,0.0034593773364647584,0.0034593773364647584
The red-hot_poker loves to swim and recharge.,1,1,1,0.0034593773364647584,0.0034593773364647584
The evening loves to swim and girandole.,1,1,1,0.0034593773364647584,0.0034593773364647584
The jacks loves to swim and track.,1,1,1,0.0034593773364647584,0.0034593773364647584
The dankness loves to swim and honor.,1,1,1,0.0034593773364647584,0.0034593773364647584
The Shina loves to swim and rope_bridge.,1,1,1,0.0034593773364647584,0.0034593773364647584